t;vds;corrente;vg
0.000499;-0.00927272;-0.0128601;0.529602
0.000998;-0.00863422;-0.0124483;0.538913
0.001497;-0.00818123;-0.0123738;0.539994
0.001996;-0.00777563;-0.0120468;0.539994
0.002495;-0.00725951;-0.0117321;0.539994
0.002994;-0.00673841;-0.0110739;0.539262
0.003493;-0.0062529;-0.0107138;0.539644
0.003992;-0.00580088;-0.0108793;0.539994
0.004491;-0.00526598;-0.0105564;0.539485
0.00499;-0.00483178;-0.0104116;0.537193
0.005489;-0.00429587;-0.0101508;0.538976
0.005988;-0.0036485;-0.00948424;0.539676
0.006487;-0.00324685;-0.00938082;0.539994
0.006986;-0.00282148;-0.00875982;0.539994
0.007485;-0.00228561;-0.00861492;0.539071
0.007984;-0.00178033;-0.00827958;0.539708
0.008483;-0.00138558;-0.00825888;0.539008
0.008982;-0.000791475;-0.0081678;0.539612
0.009481;-0.000313827;-0.00773313;0.539772
0.00998;0.000122373;-0.00791113;0.539994
0.010479;0.000632587;-0.00696311;0.539994
0.010978;0.00106879;-0.00703762;0.539994
0.011477;0.00149414;-0.00657811;0.539549
0.011976;0.00192934;-0.00616828;0.539994
0.012475;0.00244155;-0.0061807;0.539963
0.012974;0.00306229;-0.00623865;0.53904
0.013473;0.00350145;-0.00613516;0.539994
0.013972;0.00405013;-0.00616;0.539994
0.014471;0.00460478;-0.00544382;0.539994
0.01497;0.00501632;-0.00577916;0.539994
0.015469;0.00549397;-0.00489739;0.539994
0.015968;0.00600811;-0.00468627;0.539994
0.016467;0.00652032;-0.00454136;0.539994
0.016966;0.00689436;-0.00447927;0.539994
0.017465;0.00740754;-0.00409425;0.539994
0.017964;0.00791574;-0.0039742;0.539931
0.018463;0.00839542;-0.00370098;0.539994
0.018962;0.00894507;-0.00273227;0.539994
0.019461;0.00954904;-0.00233485;0.539994
0.01996;0.00991223;-0.00222721;0.539994
0.020459;0.0104175;-0.00226447;0.539994
0.020958;0.0110097;-0.00205748;0.539994
0.021457;0.0114686;-0.001925;0.539994
0.021956;0.0118751;-0.00187532;0.539994
0.022455;0.0123705;-0.0012378;0.539994
0.022954;0.0129153;-0.00155656;0.539994
0.023453;0.0133426;-0.00146963;0.539994
0.023952;0.0138568;-0.000579572;0.539994
0.024451;0.0143098;-0.000240108;0.539994
0.02495;0.0147815;-0.000128334;0.539994
0.025449;0.0152295;0;0.539994
0.025948;0.0157436;0.000513336;0.539994
0.026447;0.0162786;0.000707905;0.539994
0.026946;0.0167474;0.00105979;0.539994
0.027445;0.017225;0.00172629;0.539994
0.027944;0.0177105;0.00202436;0.539994
0.028443;0.018128;0.00201608;0.539835
0.028942;0.0185415;0.00235968;0.539994
0.029441;0.0190952;0.00259566;0.539994
0.02994;0.0194139;0.00252942;0.539581
0.030439;0.0198749;0.00355194;0.539963
0.030938;0.0204155;0.00363474;0.539994
0.031437;0.0209525;0.00370097;0.539994
0.031936;0.0214291;0.00394936;0.539994
0.032435;0.0220064;0.00413151;0.539994
0.032934;0.0225207;0.00421845;0.539994
0.033433;0.023005;0.00414393;0.539994
0.033932;0.0234444;0.00431366;0.539994
0.034431;0.0238647;0.00423915;0.539994
0.03493;0.0242564;0.00432609;0.539994
0.035429;0.0248161;0.00485598;0.539994
0.035928;0.0253628;0.00533618;0.539994
0.036427;0.0258031;0.00542312;0.539994
0.036926;0.0262421;0.00599441;0.539994
0.037425;0.0267218;0.00619726;0.539994
0.037924;0.0273011;0.00619726;0.539994
0.038423;0.027752;0.00623037;0.539994
0.038922;0.028211;0.00639183;0.539994
0.039421;0.0287704;0.00641252;0.539994
0.03992;0.0292868;0.00700866;0.539994
0.040419;0.029647;0.00699622;0.539994
0.040918;0.0301846;0.00736468;0.539994
0.041417;0.0307305;0.00802705;0.539994
0.041916;0.031213;0.00820506;0.539994
0.042415;0.0317125;0.00826302;0.539994
0.042914;0.0322503;0.00832098;0.539994
0.043413;0.0326518;0.00844518;0.539994
0.043912;0.0331414;0.00856938;0.539994
0.044411;0.0336704;0.00868115;0.539994
0.04491;0.034146;0.00962087;0.539994
0.045409;0.0346444;0.0101549;0.539994
0.045908;0.0351802;0.0101632;0.539994
0.046407;0.0357013;0.0102998;0.539994
0.046906;0.0361494;0.0103329;0.539994
0.047405;0.0366904;0.0105192;0.539994
0.047904;0.0371897;0.0106889;0.539994
0.048403;0.0376081;0.0114051;0.539994
0.048902;0.0380088;0.0114672;0.539994
0.049401;0.0385348;0.0113596;0.539517
0.0499;0.0390784;0.0120509;0.539994
0.050399;0.0395621;0.0124028;0.539994
0.050898;0.0400457;0.0123573;0.539994
0.051397;0.0405666;0.0124359;0.539994
0.051896;0.0410206;0.012883;0.539994
0.052395;0.0414607;0.0128623;0.539994
0.052894;0.0419495;0.0132639;0.539994
0.053393;0.0424644;0.0135868;0.539803
0.053892;0.0429451;0.0141995;0.539803
0.054391;0.043486;0.014481;0.539899
0.05489;0.0439199;0.0145928;0.539994
0.055389;0.0442812;0.0144562;0.539994
0.055888;0.0448784;0.0149612;0.538912
0.056387;0.0453296;0.0149115;0.539549
0.056886;0.0457677;0.0155822;0.539676
0.057385;0.0461738;0.0160251;0.539931
0.057884;0.0467832;0.0160624;0.536398
0.058383;0.0472095;0.0163398;0.539581
0.058882;0.0476889;0.0165343;0.539931
0.059381;0.0481853;0.0165012;0.539358
0.05988;0.0481576;0.0165012;0.539358
0.060379;0.0475421;0.0163563;0.539167
0.060878;0.0470841;0.0164764;0.539994
0.061377;0.0465411;0.0160996;0.539994
0.061876;0.0460263;0.0154248;0.539612
0.062375;0.0455969;0.0148536;0.539931
0.062874;0.0452071;0.0149239;0.539994
0.063373;0.0446611;0.0145596;0.539867
0.063872;0.0441956;0.0146135;0.539994
0.064371;0.0437948;0.0144189;0.539994
0.06487;0.0433516;0.0141664;0.539994
0.065369;0.042811;0.0141374;0.539994
0.065868;0.0423658;0.0133881;0.539994
0.066367;0.0418606;0.0127961;0.539994
0.066866;0.0412701;0.0125601;0.539994
0.067365;0.0407819;0.0124111;0.539994
0.067864;0.0402905;0.0121254;0.539803
0.068363;0.0398708;0.0121254;0.539994
0.068862;0.0392809;0.0115252;0.539994
0.069361;0.0389087;0.0106061;0.539994
0.06986;0.0384982;0.0111029;0.539994
0.070359;0.037991;0.0109414;0.539994
0.070858;0.0375262;0.0107303;0.539994
0.071357;0.0370357;0.0105771;0.539581
0.071856;0.0365795;0.0108711;0.539581
0.072355;0.0359994;0.0103453;0.539994
0.072854;0.0355828;0.0103867;0.539994
0.073353;0.0350618;0.0100928;0.539994
0.073852;0.0344936;0.00925243;0.539994
0.074351;0.0340591;0.0092069;0.539994
0.07485;0.0335609;0.00898752;0.539994
0.075349;0.0329952;0.0084162;0.539994
0.075848;0.0325483;0.00843276;0.539994
0.076347;0.032209;0.00826302;0.539485
0.076846;0.0316728;0.00826302;0.539994
0.077345;0.0310878;0.00819678;0.539994
0.077844;0.0306455;0.00792769;0.539994
0.078343;0.030164;0.00742262;0.539994
0.078842;0.0296253;0.00704177;0.539994
0.079341;0.0291474;0.00672714;0.539994
0.07984;0.0286738;0.00697967;0.539994
0.080339;0.0281171;0.00649946;0.539994
0.080838;0.0275863;0.00669403;0.539994
0.081337;0.0270811;0.0064208;0.539994
0.081836;0.0265826;0.00616414;0.539994
0.082335;0.0261149;0.00619726;0.539994
0.082834;0.0257003;0.00606479;0.539963
0.083333;0.0252524;0.00547282;0.539994
0.083832;0.0247035;0.00520787;0.539994
0.084331;0.0241884;0.00480218;0.539994
0.08483;0.0237967;0.00437576;0.539994
0.085329;0.02331;0.00414807;0.539994
0.085828;0.0227862;0.00417705;0.539994
0.086327;0.0223537;0.00376308;0.539994
0.086826;0.0219453;0.00410667;0.539994
0.087325;0.0213394;0.00386243;0.539994
0.087824;0.0208783;0.00333668;0.539994
0.088323;0.020319;0.00261636;0.539994
0.088822;0.0197998;0.00259979;0.539994
0.089321;0.0193735;0.00279437;0.539994
0.08982;0.0189788;0.00238039;0.539994
0.090319;0.0184339;0.00256254;0.539994
0.090818;0.017975;0.00206576;0.539994
0.091317;0.0175704;0.00206162;0.539994
0.091816;0.0171343;0.00192914;0.539994
0.092315;0.0165954;0.0014986;0.539994
0.092814;0.016172;0.000687207;0.539994
0.093313;0.0156568;0.000231829;0.539994
0.093812;0.0150865;-2.48388e-05;0.539931
0.094311;0.0146069;-7.45164e-05;0.539994
0.09481;0.0141153;-0.000107635;0.539994
0.095309;0.0137167;-0.000132474;0.539994
0.095808;0.013235;-0.000264947;0.539994
0.096307;0.0127702;-0.00120882;0.539994
0.096806;0.0123024;-0.00191258;0.539994
0.097305;0.0118051;-0.00195812;0.539994
0.097804;0.0113265;-0.00194984;0.539994
0.098303;0.0108527;-0.00206576;0.539994
0.098802;0.0102911;-0.00211129;0.539994
0.099301;0.00976423;-0.00211957;0.539994
0.0998;0.00930332;-0.00241351;0.539994
0.100299;0.00872795;-0.00295996;0.539994
0.100798;0.00829869;-0.00307588;0.539994
0.101297;0.00782693;-0.0031835;0.539994
0.101796;0.00730787;-0.00392038;0.539994
0.102295;0.00685981;-0.00382103;0.539994
0.102794;0.00640978;-0.00432195;0.539994
0.103293;0.00590155;-0.00455379;0.539994
0.103792;0.0053923;-0.00450825;0.539994
0.104291;0.00492256;-0.00512505;0.539994
0.10479;0.00438962;-0.00609376;0.539994
0.105289;0.0038952;-0.00585366;0.539994
0.105788;0.00331889;-0.00618484;0.539835
0.106287;0.00282246;-0.00613102;0.539994
0.106786;0.00223627;-0.00619726;0.539994
0.107285;0.00177639;-0.006723;0.539994
0.107784;0.00133919;-0.00674784;0.539994
0.108283;0.000896083;-0.00748473;0.539994
0.108782;0.000469753;-0.00734812;0.539994
0.109281;-5.52653e-05;-0.00745989;0.539963
0.10978;-0.000437186;-0.007522;0.539994
0.110279;-0.00101451;-0.00822162;0.539994
0.110778;-0.00147638;-0.00828786;0.539994
0.111277;-0.00185434;-0.0081885;0.539994
0.111776;-0.00234976;-0.00855696;0.539517
0.112275;-0.00289749;-0.00858179;0.539994
0.112774;-0.00338994;-0.0093932;0.539644
0.113273;-0.00383204;-0.00914893;0.539994
0.113772;-0.00446363;-0.00990237;0.539994
0.114271;-0.00493835;-0.0102087;0.539994
0.11477;-0.00536764;-0.0102998;0.539994
0.115269;-0.00588082;-0.010395;0.539931
0.115768;-0.00640386;-0.0105937;0.539867
0.116267;-0.00689239;-0.0106765;0.539994
0.116766;-0.00739472;-0.0106227;0.539994
0.117265;-0.00795226;-0.0120385;0.539994
0.117764;-0.00835495;-0.0122289;0.539963
0.118263;-0.00878122;-0.0123241;0.539994
0.118762;-0.00935066;-0.0121668;0.539994
0.119261;-0.00994086;-0.0124814;0.539963
0.11976;-0.0103622;-0.0129286;0.539994
0.120259;-0.0108261;-0.0129492;0.539994
0.120758;-0.0114015;-0.0129575;0.539994
0.121257;-0.0118021;-0.012763;0.539994
0.121756;-0.0122975;-0.0139014;0.539994
0.122255;-0.0128709;-0.0139387;0.539994
0.122754;-0.013308;-0.0145762;0.539994
0.123253;-0.0138065;-0.0145679;0.53974
0.123752;-0.0143335;-0.0149736;0.539994
0.124251;-0.0147707;-0.0153421;0.539994
0.12475;-0.0152591;-0.0156567;0.539994
0.125249;-0.0157456;-0.0163563;0.539994
0.125748;-0.0162144;-0.0163563;0.539994
0.126247;-0.0166882;-0.016406;0.539994
0.126746;-0.0171086;-0.0164143;0.539994
0.127245;-0.0176365;-0.016555;0.539994
0.127744;-0.0180677;-0.016526;0.539994
0.128243;-0.0184961;-0.0169525;0.539994
0.128742;-0.0189915;-0.0178591;0.539994
0.129241;-0.0194178;-0.0181861;0.539994
0.12974;-0.0198611;-0.0179377;0.539994
0.130239;-0.0204116;-0.0185587;0.539994
0.130738;-0.0209436;-0.0186125;0.539549
0.131237;-0.0213817;-0.0188278;0.539453
0.131736;-0.0218919;-0.0187284;0.539994
0.132235;-0.022423;-0.0188071;0.539994
0.132734;-0.0228916;-0.019101;0.539994
0.133233;-0.023242;-0.019664;0.539994
0.133732;-0.0237256;-0.0194529;0.539994
0.134231;-0.0242613;-0.0197219;0.539994
0.13473;-0.0246946;-0.0205333;0.539994
0.135229;-0.025199;-0.0206492;0.539994
0.135728;-0.0257043;-0.0207155;0.539994
0.136227;-0.0261504;-0.0206865;0.539326
0.136726;-0.026627;-0.0210591;0.539994
0.137225;-0.0271679;-0.0210177;0.539994
0.137724;-0.0276474;-0.021498;0.539994
0.138223;-0.0280826;-0.0218871;0.539994
0.138722;-0.0285712;-0.0211295;0.539994
0.139221;-0.02919;-0.0219244;0.539994
0.13972;-0.0296391;-0.022653;0.539994
0.140219;-0.0300081;-0.0222846;0.539994
0.140718;-0.0305429;-0.0227234;0.539994
0.141217;-0.0309783;-0.0227855;0.539994
0.141716;-0.031433;-0.0228186;0.539994
0.142215;-0.0319444;-0.023452;0.539994
0.142714;-0.0325088;-0.0233153;0.539994
0.143213;-0.0329261;-0.0246152;0.539994
0.143712;-0.0334563;-0.0247393;0.539994
0.144211;-0.0340294;-0.0250416;0.539994
0.14471;-0.034459;-0.0248221;0.539994
0.145209;-0.0349523;-0.0248801;0.539994
0.145708;-0.035488;-0.0248718;0.539994
0.146207;-0.0359382;-0.0254515;0.539994
0.146706;-0.0363526;-0.025704;0.540504
0.147205;-0.0369045;-0.0263996;0.539994
0.147704;-0.0373997;-0.0267432;0.539994
0.148203;-0.0377591;-0.0266811;0.539994
0.148702;-0.0382624;-0.0266977;0.539994
0.149201;-0.0388701;-0.0270371;0.539994
0.1497;-0.0392778;-0.027004;0.539994
0.150199;-0.0397278;-0.0270578;0.539994
0.150698;-0.0402787;-0.0276043;0.539963
0.151197;-0.0407728;-0.0279023;0.539994
0.151696;-0.0411705;-0.0287674;0.539994
0.152195;-0.0417314;-0.0289206;0.539994
0.152694;-0.0422464;-0.0290075;0.539994
0.153193;-0.0426855;-0.0289703;0.539994
0.153692;-0.0433003;-0.0298438;0.539994
0.154191;-0.0437888;-0.0297528;0.539994
0.15469;-0.0442841;-0.02979;0.539994
0.155189;-0.0447273;-0.0300426;0.539994
0.155688;-0.0452359;-0.0308623;0.539994
0.156187;-0.0457678;-0.0308499;0.539994
0.156686;-0.0462301;-0.0309534;0.539994
0.157185;-0.0466894;-0.0309327;0.539994
0.157684;-0.0472747;-0.0310776;0.540122
0.158183;-0.0476484;-0.0311852;0.539994
0.158682;-0.0482278;-0.0312597;0.539994
0.159181;-0.0486949;-0.031446;0.539994
0.15968;-0.0488232;-0.0317067;0.539994
0.160179;-0.0483965;-0.0312059;0.539994
0.160678;-0.0478803;-0.0310237;0.539994
0.161177;-0.0473733;-0.0309865;0.539994
0.161676;-0.0468344;-0.0309699;0.539994
0.162175;-0.0463791;-0.0309368;0.539994
0.162674;-0.0460371;-0.0307215;0.539994
0.163173;-0.0455062;-0.0306097;0.539994
0.163672;-0.0450935;-0.0298314;0.539994
0.164171;-0.0446078;-0.0300466;0.539994
0.16467;-0.0440386;-0.0291069;0.539994
0.165169;-0.0435421;-0.0291069;0.539994
0.165668;-0.0431187;-0.028933;0.539994
0.166167;-0.0425919;-0.0288916;0.539994
0.166666;-0.0419119;-0.0288751;0.539994
0.167165;-0.0414508;-0.0284197;0.539994
0.167664;-0.0410363;-0.0283204;0.539994
0.168163;-0.0404741;-0.0282955;0.539994
0.168662;-0.0399656;-0.0277947;0.539994
0.169161;-0.0395896;-0.0273311;0.539994
0.16966;-0.0391229;-0.0276912;0.539994
0.170159;-0.0386699;-0.0270785;0.539994
0.170658;-0.0381282;-0.0266438;0.539994
0.171157;-0.0376802;-0.0265983;0.539994
0.171656;-0.0371117;-0.0260435;0.539994
0.172155;-0.036625;-0.0258034;0.539994
0.172654;-0.0361099;-0.0255219;0.540026
0.173153;-0.0355799;-0.0253397;0.539994
0.173652;-0.0350757;-0.0249215;0.539994
0.174151;-0.0346198;-0.0246938;0.539994
0.17465;-0.034225;-0.0248635;0.539994
0.175149;-0.033627;-0.024996;0.539994
0.175648;-0.0332874;-0.0248056;0.539994
0.176147;-0.0327891;-0.0245158;0.539994
0.176646;-0.0322533;-0.0233775;0.539994
0.177145;-0.0317172;-0.0232533;0.539994
0.177644;-0.0312733;-0.0227855;0.539994
0.178143;-0.0307511;-0.0227772;0.539994
0.178642;-0.0302518;-0.0227234;0.539994
0.179141;-0.0299125;-0.0227483;0.539994
0.17964;-0.0292856;-0.0223839;0.539994
0.180139;-0.0287784;-0.0222059;0.539994
0.180638;-0.0283105;-0.0217049;0.539994
0.181137;-0.0277659;-0.0211419;0.539994
0.181636;-0.0273131;-0.0213199;0.539994
0.182135;-0.026933;-0.0208148;0.539994
0.182634;-0.0264218;-0.0206203;0.539994
0.183133;-0.0258789;-0.0205499;0.539994
0.183632;-0.0253728;-0.0205582;0.539994
0.184131;-0.0249631;-0.0203512;0.539994
0.18463;-0.0244539;-0.0199455;0.539994
0.185129;-0.0238786;-0.0188361;0.539994
0.185628;-0.0234679;-0.018981;0.539612
0.186127;-0.0230663;-0.018596;0.539994
0.186626;-0.0225433;-0.0186622;0.539931
0.187125;-0.0220804;-0.0182896;0.539994
0.187624;-0.0216364;-0.0182234;0.539994
0.188123;-0.0211488;-0.0183476;0.539994
0.188622;-0.02061;-0.0175527;0.539994
0.189121;-0.0202065;-0.0171553;0.539994
0.18962;-0.0197386;-0.0168821;0.539994
0.190119;-0.0192324;-0.0167248;0.539994
0.190618;-0.0187843;-0.016526;0.539994
0.191117;-0.0183352;-0.0166834;0.539994
0.191616;-0.0178131;-0.016526;0.539994
0.192115;-0.0173523;-0.016406;0.539994
0.192614;-0.0169181;-0.0160872;0.539994
0.193113;-0.0163368;-0.0151102;0.539994
0.193612;-0.0158927;-0.0149777;0.539994
0.194111;-0.0154939;-0.0150399;0.539994
0.19461;-0.0149859;-0.0145431;0.539994
0.195109;-0.0144558;-0.0145058;0.539994
0.195608;-0.0140996;-0.0145555;0.539676
0.196107;-0.0136466;-0.0145017;0.539963
0.196606;-0.0130643;-0.0145307;0.539994
0.197105;-0.012557;-0.0145804;0.539994
0.197604;-0.0120795;-0.014423;0.539994
0.198103;-0.0115436;-0.0143982;0.539994
0.198602;-0.0109711;-0.014038;0.539994
0.199101;-0.0105053;-0.0135744;0.539994
0.1996;-0.0100563;-0.0131935;0.539994
0.200099;-0.00947012;-0.0127257;0.539994
0.200598;-0.00900524;-0.012527;0.539867
0.201097;-0.00866678;-0.0124939;0.539994
0.201596;-0.00810029;-0.0122248;0.539994
0.202095;-0.00759309;-0.0120799;0.539994
0.202594;-0.00721312;-0.0123076;0.539994
0.203093;-0.00663478;-0.0115417;0.539994
0.203592;-0.00599038;-0.0105357;0.539994
0.204091;-0.00556896;-0.0103867;0.539994
0.20459;-0.0050617;-0.0104778;0.539994
0.205089;-0.00453174;-0.0102667;0.539994
0.205588;-0.00398106;-0.0098444;0.539994
0.206087;-0.00354587;-0.00990651;0.539994
0.206586;-0.00307414;-0.00974094;0.539994
0.207085;-0.00256391;-0.00883434;0.539994
0.207584;-0.00211883;-0.00863976;0.539867
0.208083;-0.00167671;-0.00832926;0.539994
0.208582;-0.00125728;-0.00848657;0.539517
0.209081;-0.000724367;-0.00826302;0.539994
0.20958;-0.000243759;-0.00808086;0.539994
0.210079;0.000376987;-0.00800634;0.539994
0.210578;0.000776671;-0.00740192;0.539994
0.211077;0.00118722;-0.00656983;0.539994
0.211576;0.00169447;-0.00651188;0.539994
0.212075;0.00220469;-0.00630489;0.539994
0.212574;0.00264781;-0.00631317;0.539994
0.213073;0.00309091;-0.0061186;0.539708
0.213572;0.00365934;-0.00598199;0.539994
0.214071;0.00407777;-0.00567568;0.539994
0.21457;0.00457022;-0.00544384;0.539994
0.215069;0.00511895;-0.0049719;0.539994
0.215568;0.00552062;-0.00437991;0.539994
0.216067;0.00605942;-0.00447513;0.539994
0.216566;0.00661606;-0.00413565;0.539994
0.217065;0.007149;-0.00392866;0.539835
0.217564;0.00757923;-0.00378791;0.539994
0.218063;0.00806084;-0.0037341;0.539994
0.218562;0.00861446;-0.00291442;0.539994
0.219061;0.00910398;-0.00315867;0.539994
0.21956;0.0094681;-0.00269502;0.539994
0.220059;0.0100918;-0.00226861;0.539994
0.220558;0.0105399;-0.0024756;0.539994
0.221057;0.0109544;-0.00262878;0.539421
0.221556;0.0115544;-0.00212785;0.539994
0.222055;0.0120527;-0.00209473;0.539103
0.222554;0.0125748;-0.00140339;0.539994
0.223053;0.0130337;-0.00117984;0.53904
0.223552;0.0135676;-0.000778282;0.539994
0.224051;0.0139417;-0.000442959;0.539994
0.22455;0.0144016;-0.000289786;0.539994
0.225049;0.0149019;-8.69358e-05;0.539994
0.225548;0.0154703;1.65592e-05;0.539994
0.226047;0.0158433;0.000351883;0.539994
0.226546;0.0163783;0.00103495;0.539994
0.227045;0.0168333;0.00120468;0.539994
0.227544;0.0172181;0.00172215;0.539994
0.228043;0.0176828;0.00194156;0.539994
0.228542;0.0182158;0.001925;0.539994
0.229041;0.0187083;0.0020078;0.539994
0.22954;0.0191988;0.00227275;0.539994
0.230039;0.0196942;0.00237625;0.539994
0.230538;0.0201779;0.00244663;0.539963
0.231037;0.0206721;0.00337393;0.539994
0.231536;0.0211745;0.00396178;0.539994
0.232035;0.0216452;0.00388312;0.539994
0.232534;0.0221396;0.00425985;0.539994
0.233033;0.0225612;0.00441717;0.539994
0.233532;0.0230336;0.00468625;0.539994
0.234031;0.0235263;0.00516647;0.539994
0.23453;0.0239792;0.00497606;0.539994
0.235029;0.0244794;0.00528653;0.539994
0.235528;0.0250037;0.00565495;0.539994
0.236027;0.0255118;0.00580813;0.539994
0.236526;0.0259895;0.00608135;0.539994
0.237025;0.0265046;0.00613102;0.539994
0.237524;0.0269578;0.00618897;0.539994
0.238023;0.0274057;0.00648291;0.539994
0.238522;0.0279582;0.0064622;0.539994
0.239021;0.0284123;0.00632559;0.539867
0.23952;0.0288513;0.0067851;0.539994
0.240019;0.0292947;0.00693415;0.539994
0.240518;0.029863;0.00778693;0.539994
0.241017;0.0302665;0.0081057;0.539994
0.241516;0.0308125;0.00824646;0.539994
0.242015;0.0313876;0.00826302;0.539994
0.242514;0.0318981;0.00835822;0.539994
0.243013;0.0323312;0.00830856;0.539994
0.243512;0.0328244;0.00868944;0.539994
0.244011;0.0333122;0.00885918;0.539994
0.24451;0.0336763;0.00969126;0.539994
0.245009;0.0342477;0.0100348;0.539994
0.245508;0.0347658;0.0102046;0.539994
0.246007;0.035193;0.0103453;0.539994
0.246506;0.0357171;0.010515;0.539994
0.247005;0.0362253;0.0105192;0.539994
0.247504;0.0367634;0.0112768;0.539994
0.248003;0.0372706;0.0110698;0.539994
0.248502;0.0377719;0.0112933;0.539994
0.249001;0.0382683;0.0115707;0.539994
0.2495;0.0387104;0.0122455;0.539994
0.249999;0.0392502;0.0123241;0.539994
0.250498;0.0397603;0.0124483;0.539994
0.250997;0.0401138;0.0125063;0.539994
0.251496;0.0405981;0.0127464;0.539994
0.251995;0.0411626;0.0137689;0.539994
0.252494;0.0416504;0.0135992;0.539994
0.252993;0.0420423;0.0143858;0.539899
0.253492;0.0425611;0.0143858;0.539994
0.253991;0.0431336;0.0144686;0.539994
0.25449;0.0435234;0.0145431;0.539963
0.254989;0.044065;0.01463;0.539994
0.255488;0.0446503;0.0149446;0.539994
0.255987;0.0449999;0.0147997;0.539994
0.256486;0.0454628;0.0151433;0.539994
0.256985;0.0459559;0.0155325;0.539994
0.257484;0.0463269;0.0164308;0.539994
0.257983;0.0467743;0.0164805;0.539994
0.258482;0.0473445;0.0167206;0.539994
0.258981;0.0478054;0.0168821;0.539994
0.25948;0.0481863;0.0180371;0.539994
0.259979;0.0478566;0.0165881;0.539994
0.260478;0.0474464;0.0164971;0.539994
0.260977;0.0469529;0.0168076;0.539994
0.261476;0.0464344;0.0167206;0.539994
0.261975;0.0461643;0.0165674;0.539994
0.262474;0.0456108;0.016435;0.539994
0.262973;0.0450826;0.0159506;0.539994
0.263472;0.0446285;0.0160458;0.539994
0.263971;0.0441482;0.0146093;0.539994
0.26447;0.0436654;0.0149322;0.539994
0.264969;0.0431946;0.0146756;0.539994
0.265468;0.0426778;0.0146217;0.539994
0.265967;0.0421556;0.0146631;0.539994
0.266466;0.0417292;0.0142699;0.539994
0.266965;0.0413125;0.0140297;0.539994
0.267464;0.0407858;0.0135992;0.539994
0.267963;0.0402865;0.0132763;0.539994
0.268462;0.0398293;0.0124897;0.539994
0.268961;0.0393785;0.0125808;0.539994
0.26946;0.0388988;0.0124235;0.539994
0.269959;0.0383719;0.0123945;0.539994
0.270458;0.0378756;0.0120716;0.539994
0.270957;0.0373712;0.0116121;0.539994
0.271456;0.0368926;0.0107759;0.539994
0.271955;0.0364424;0.0108876;0.539994
0.272454;0.0359363;0.0104985;0.539994
0.272953;0.0353933;0.0102749;0.539994
0.273452;0.034898;0.0103246;0.539994
0.273951;0.0344244;0.010337;0.539994
0.27445;0.0338716;0.00943873;0.539994
0.274949;0.0334425;0.00914068;0.539994
0.275448;0.0329912;0.00961673;0.539994
0.275947;0.0325513;0.00919451;0.539994
0.276446;0.0320135;0.0083334;0.539994
0.276945;0.0315524;0.00826302;0.539994
0.277444;0.0310117;0.00823404;0.539994
0.277943;0.0303397;0.00791941;0.539994
0.278442;0.0299312;0.0080229;0.539994
0.278941;0.0294209;0.0076793;0.539994
0.27944;0.0289728;0.0067851;0.539994
0.279939;0.0285277;0.00628833;0.539994
0.280438;0.0280658;0.00622209;0.539994
0.280937;0.0276229;0.00625521;0.539994
0.281436;0.0271078;0.00619726;0.539994
0.281935;0.026551;0.00600269;0.539994
0.282434;0.026104;0.00569636;0.539994
0.282933;0.0255612;0.0047318;0.539994
0.283432;0.0250618;0.0045041;0.539994
0.283931;0.0245584;0.00413151;0.539994
0.28443;0.0240276;0.00404457;0.539994
0.284929;0.0236299;0.00411081;0.539994
0.285428;0.0232429;0.00412737;0.539994
0.285927;0.0227151;0.00406113;0.539994
0.286426;0.0222718;0.00383345;0.539994
0.286925;0.021814;0.00363475;0.539994
0.287424;0.0213591;0.00352296;0.539994
0.287923;0.0208014;0.00310071;0.539994
0.288422;0.020242;0.00222307;0.539994
0.288921;0.0198126;0.00223963;0.539994
0.28942;0.0192965;0.00206576;0.539994
0.289919;0.018811;0.00191672;0.539994
0.290418;0.0184072;0.00145307;0.539994
0.290917;0.0178358;0.000529895;0.539994
0.291416;0.0173652;0.000442959;0.539994
0.291915;0.0169428;0.00020699;0.539994
0.292414;0.0165806;2.48388e-05;0.539994
0.292913;0.0159992;2.89786e-05;0.539994
0.293412;0.0155472;3.72582e-05;0.539994
0.293911;0.0151082;-9.93552e-05;0.539994
0.29441;0.0146197;-0.000248388;0.539994
0.294909;0.0140828;-0.000542314;0.539994
0.295408;0.0136722;-0.00106807;0.539994
0.295907;0.0130958;-0.00180081;0.539994
0.296406;0.0125155;-0.00212371;0.539994
0.296905;0.0121929;-0.00199952;0.539994
0.297404;0.0116511;-0.00211543;0.539994
0.297903;0.0110975;-0.00247146;0.539994
0.298402;0.0106119;-0.0025791;0.539644
0.298901;0.0102201;-0.00249216;0.539994
0.2994;0.00969615;-0.00294753;0.539994
0.299899;0.00921152;-0.0028399;0.539994
0.300398;0.00876841;-0.00338221;0.539994
0.300897;0.00821775;-0.00321662;0.539994
0.301396;0.00765822;-0.00403215;0.539994
0.301895;0.00724175;-0.00414393;0.539994
0.302394;0.00672854;-0.00447099;0.539994
0.302893;0.00617198;-0.00422259;0.539994
0.303392;0.00576436;-0.00482703;0.539994
0.303891;0.0053321;-0.00458691;0.539994
0.30439;0.00475578;-0.00555559;0.539994
0.304889;0.00425541;-0.00605651;0.539994
0.305388;0.00382909;-0.00541485;0.539994
0.305887;0.00338402;-0.00600682;0.539994
0.306386;0.00276622;-0.00612274;0.539994
0.306885;0.00226983;-0.00619726;0.539994
0.307384;0.00181586;-0.00618484;0.539994
0.307883;0.00132834;-0.00629661;0.539994
0.308382;0.000896083;-0.00620967;0.539994
0.308881;0.000427317;-0.0064001;0.539994
0.30938;-7.00685e-05;-0.0069093;0.539994
0.309879;-0.000620745;-0.00716182;0.539994
0.310378;-0.00106484;-0.00816366;0.539994
0.310877;-0.00151881;-0.00817608;0.539994
0.311376;-0.00205567;-0.00824646;0.539994
0.311875;-0.00244056;-0.00837894;0.539994
0.312374;-0.0029271;-0.00858177;0.539994
0.312873;-0.00343928;-0.00859422;0.540122
0.313372;-0.00388138;-0.00869769;0.539994
0.313871;-0.00437482;-0.00869355;0.539994
0.31437;-0.00492651;-0.00979473;0.539994
0.314869;-0.00540613;-0.0100762;0.539994
0.315368;-0.00595779;-0.0103288;0.539994
0.315867;-0.00650848;-0.0103702;0.539994
0.316366;-0.0070582;-0.0105937;0.540026
0.316865;-0.00749536;-0.0114093;0.539549
0.317364;-0.00795226;-0.0117735;0.539994
0.317863;-0.0084043;-0.0119598;0.539994
0.318362;-0.00888288;-0.0117942;0.539994
0.318861;-0.00935068;-0.0122372;0.539994
0.31936;-0.0099142;-0.0123324;0.539994
0.319859;-0.0104017;-0.0124649;0.539772
0.320358;-0.0108626;-0.0124773;0.539994
0.320857;-0.0113956;-0.0126843;0.539994
0.321356;-0.0119599;-0.0132515;0.539994
0.321855;-0.0124929;-0.0143485;0.539994
0.322354;-0.0129676;-0.0144727;0.539994
0.322853;-0.0135262;-0.0145928;0.539994
0.323352;-0.0140562;-0.0149446;0.539994
0.323851;-0.0143651;-0.0147211;0.539994
0.32435;-0.0148851;-0.0150275;0.539994
0.324849;-0.0153558;-0.0152634;0.539994
0.325348;-0.0158058;-0.0161741;0.539994
0.325847;-0.0163033;-0.0165136;0.539994
0.326346;-0.0167425;-0.0165219;0.539581
0.326845;-0.0171846;-0.0165343;0.539994
0.327344;-0.0176137;-0.0169152;0.539326
0.327843;-0.0181161;-0.0175403;0.539994
0.328342;-0.0186471;-0.0175238;0.539803
0.328841;-0.01911;-0.017619;0.539994
0.32934;-0.019561;-0.018153;0.539994
0.329839;-0.0201374;-0.018211;0.539994
0.330338;-0.0205685;-0.0184966;0.539994
0.330837;-0.0209831;-0.0184883;0.539994
0.331336;-0.0214222;-0.0186125;0.539994
0.331835;-0.0219619;-0.018596;0.539994
0.332334;-0.0224279;-0.0191176;0.539994
0.332833;-0.0229567;-0.019515;0.539994
0.333332;-0.0234079;-0.0198006;0.539994
0.333831;-0.0238785;-0.0202849;0.539963
0.33433;-0.0243402;-0.0204505;0.539994
0.334829;-0.0249681;-0.0206327;0.539994
0.335328;-0.0253865;-0.0206658;0.539994
0.335827;-0.0257843;-0.020848;0.539994
0.336326;-0.0263161;-0.0213489;0.539772
0.336825;-0.0267682;-0.0218747;0.539963
0.337324;-0.0272084;-0.0222556;0.539326
0.337823;-0.0277569;-0.0225413;0.539994
0.338322;-0.0282288;-0.0227234;0.539994
0.338821;-0.0287546;-0.0227234;0.539994
0.33932;-0.0292503;-0.0228021;0.539994
0.339819;-0.029712;-0.0228724;0.539994
0.340318;-0.0301126;-0.0229097;0.539994
0.340817;-0.03061;-0.0230214;0.539994
0.341316;-0.0311864;-0.0241143;0.539994
0.341815;-0.0316789;-0.0242592;0.539485
0.342314;-0.032123;-0.0245696;0.539994
0.342813;-0.0326715;-0.0246524;0.539835
0.343312;-0.0331463;-0.024433;0.538944
0.343811;-0.0335777;-0.0247766;0.539867
0.34431;-0.0340522;-0.0247393;0.539963
0.344809;-0.0345537;-0.0249836;0.539994
0.345308;-0.0349928;-0.0258655;0.539994
0.345807;-0.035493;-0.0266728;0.539994
0.346306;-0.0360251;-0.0265859;0.539676
0.346805;-0.0366044;-0.026826;0.53974
0.347304;-0.0370663;-0.0267349;0.538944
0.347803;-0.0376367;-0.026855;0.539421
0.348302;-0.0381025;-0.027033;0.53888
0.348801;-0.0385229;-0.0269792;0.539485
0.3493;-0.0389944;-0.0277077;0.539262
0.349799;-0.03942;-0.0279519;0.539008
0.350298;-0.0398827;-0.0284321;0.539612
0.350797;-0.0403557;-0.0289165;0.539899
0.351296;-0.0408754;-0.0288626;0.539772
0.351795;-0.0414133;-0.0289165;0.539994
0.352294;-0.0418745;-0.0291317;0.539549
0.352793;-0.0424249;-0.0289454;0.539899
0.353292;-0.0430625;-0.0294671;0.539994
0.353791;-0.0434119;-0.0299473;0.539994
0.35429;-0.0439731;-0.0305518;0.539994
0.354789;-0.0445171;-0.0309865;0.539994
0.355288;-0.0449929;-0.0309906;0.539994
0.355787;-0.0453928;-0.0310982;0.539994
0.356286;-0.045883;-0.0311189;0.539963
0.356785;-0.0463516;-0.0313797;0.539994
0.357284;-0.0468049;-0.0312017;0.539994
0.357783;-0.0472953;-0.0316488;0.539994
0.358282;-0.0478449;-0.0320917;0.539994
0.358781;-0.0482623;-0.0327747;0.539994
0.35928;-0.0487087;-0.0328368;0.539803
0.359779;-0.0488656;-0.0328865;0.539994
0.360278;-0.0484242;-0.0324643;0.539994
0.360777;-0.0478852;-0.0321083;0.539994
0.361276;-0.0473852;-0.031773;0.539708
0.361775;-0.0469578;-0.031744;0.539644
0.362274;-0.046403;-0.0313508;0.539994
0.362773;-0.0459356;-0.0310362;0.538817
0.363272;-0.0454559;-0.0310362;0.539994
0.363771;-0.0449424;-0.0309865;0.539994
0.36427;-0.0444381;-0.0310155;0.539994
0.364769;-0.0440041;-0.0305187;0.539994
0.365268;-0.0435815;-0.0299307;0.539549
0.365767;-0.0430092;-0.0293843;0.539581
0.366266;-0.0425268;-0.0291442;0.539676
0.366765;-0.0420579;-0.0289289;0.539835
0.367264;-0.0414734;-0.0291234;0.53974
0.367763;-0.040982;-0.028933;0.539803
0.368262;-0.0405304;-0.0288668;0.539485
0.368761;-0.0400001;-0.0285274;0.539422
0.36926;-0.039418;-0.0274967;0.539994
0.369759;-0.038962;-0.0272193;0.539994
0.370258;-0.0384903;-0.0270123;0.539963
0.370757;-0.0379536;-0.0268591;0.539994
0.371256;-0.0375528;-0.0268302;0.539994
0.371755;-0.0371088;-0.0268467;0.539994
0.372254;-0.0365124;-0.0261015;0.539994
0.372753;-0.0361228;-0.0265528;0.539994
0.373252;-0.0356371;-0.0258779;0.539994
0.373751;-0.0351151;-0.0257164;0.539994
0.37425;-0.0346711;-0.0256336;0.539421
0.374749;-0.034227;-0.0254887;0.539772
0.375248;-0.0337542;-0.0254266;0.539899
0.375747;-0.0331718;-0.0249381;0.539772
0.376246;-0.0326164;-0.0247683;0.539994
0.376745;-0.0322237;-0.0247559;0.539994
0.377244;-0.0316432;-0.0247104;0.539994
0.377743;-0.0311352;-0.0243626;0.539994
0.378242;-0.030758;-0.0244206;0.53974
0.378741;-0.0303032;-0.0237748;0.539994
0.37924;-0.0297793;-0.0228683;0.539994
0.379739;-0.0293192;-0.022918;0.539994
0.380238;-0.0288061;-0.0229056;0.539994
0.380737;-0.02835;-0.0227731;0.539994
0.381236;-0.0278231;-0.022624;0.539803
0.381735;-0.0273111;-0.0219119;0.539994
0.382234;-0.0267158;-0.0208893;0.539994
0.382733;-0.0262501;-0.0208893;0.539994
0.383232;-0.0257989;-0.0207569;0.539994
0.383731;-0.0253343;-0.0206741;0.53974
0.38423;-0.0248693;-0.0206617;0.539994
0.384729;-0.0243976;-0.0204795;0.539994
0.385228;-0.0239605;-0.0195523;0.539994
0.385727;-0.0234887;-0.0194281;0.539994
0.386226;-0.0230683;-0.0192914;0.539994
0.386725;-0.0225887;-0.0190596;0.539994
0.387224;-0.021962;-0.0186084;0.539994
0.387723;-0.0214578;-0.0185918;0.539994
0.388222;-0.021052;-0.0184263;0.539994
0.388721;-0.020535;-0.0179833;0.539994
0.38922;-0.0200248;-0.0176562;0.539994
0.389719;-0.0195669;-0.0173085;0.539867
0.390218;-0.0191366;-0.0172547;0.539994
0.390717;-0.018651;-0.0168448;0.539994
0.391216;-0.0182641;-0.0172091;0.539994
0.391715;-0.0177805;-0.0170063;0.539994
0.392214;-0.0173405;-0.0168076;0.539994
0.392713;-0.0168066;-0.016526;0.539994
0.393212;-0.0163664;-0.0164846;0.539803
0.393711;-0.0159381;-0.0164846;0.539994
0.39421;-0.0153864;-0.0162404;0.539994
0.394709;-0.0148901;-0.0157933;0.539994
0.395208;-0.0145022;-0.0154207;0.539994
0.395707;-0.0139387;-0.0146549;0.539994
0.396206;-0.0134729;-0.0145058;0.539994
0.396705;-0.0130534;-0.0143278;0.539262
0.397204;-0.0124948;-0.0135951;0.539994
0.397703;-0.0120074;-0.0138766;0.539994
0.398202;-0.0115495;-0.0132929;0.539994
0.398701;-0.0110629;-0.0133467;0.539994
0.3992;-0.0104777;-0.0125849;0.539867
0.399699;-0.00997441;-0.0127464;0.539994
0.400198;-0.00949579;-0.0124566;0.539994
0.400697;-0.00891544;-0.0124028;0.539963
0.401196;-0.00847042;-0.0122496;0.539581
0.401695;-0.00795226;-0.0121751;0.539262
0.402194;-0.00750428;-0.0119515;0.539994
0.402693;-0.00695554;-0.0118895;0.539994
0.403192;-0.00652524;-0.0113347;0.539994
0.403691;-0.00608414;-0.0108876;0.539644
0.40419;-0.00548803;-0.0105606;0.539421
0.404689;-0.00497487;-0.0104074;0.539994
0.405188;-0.00458997;-0.0103288;0.539994
0.405687;-0.0040156;-0.00995623;0.539994
0.406186;-0.00348468;-0.00954639;0.539708
0.406685;-0.0030771;-0.00936424;0.539994
0.407184;-0.00251753;-0.0084369;0.539994
0.407683;-0.00204185;-0.0083748;0.539994
0.408182;-0.00158888;-0.00825474;0.539994
0.408681;-0.00111221;-0.00787387;0.539994
0.40918;-0.00050528;-0.00755097;0.539931
0.409679;-2.36851e-05;-0.00698795;0.539835
0.410178;0.000361197;-0.00698795;0.539931
0.410677;0.00086253;-0.00687204;0.539071
0.411176;0.00129084;-0.00616828;0.539963
0.411675;0.00164513;-0.00616414;0.539994
0.412174;0.00220272;-0.00622209;0.539931
0.412673;0.0027011;-0.0059613;0.539994
0.413172;0.00320934;-0.0058992;0.539994
0.413671;0.00368303;-0.0056053;0.539994
0.41417;0.00429389;-0.00502988;0.539994
0.414669;0.00484459;-0.00432195;0.539994
0.415168;0.00528672;-0.00423086;0.539994
0.415667;0.00575451;-0.00413151;0.539994
0.416166;0.00627359;-0.00409839;0.539994
0.416665;0.00670685;-0.00414807;0.539994
0.417164;0.00709374;-0.00412737;0.539485
0.417663;0.00771638;-0.00385829;0.539963
0.418162;0.00812401;-0.00353539;0.539994
0.418661;0.0086036;-0.00305517;0.539994
0.41916;0.00913753;-0.00278609;0.539931
0.419659;0.0097099;-0.00219409;0.539994
0.420158;0.0101629;-0.00210715;0.539994
0.420657;0.0106563;-0.00206576;0.539994
0.421156;0.0112071;-0.00206576;0.539994
0.421655;0.0115949;-0.0020906;0.539994
0.422154;0.0121159;-0.0016021;0.539994
0.422653;0.0126251;-0.0012378;0.539994
0.423152;0.0130949;-0.00019871;0.539994
0.423651;0.0135538;0;0.539994
0.42415;0.013998;-0.000144893;0.539994
0.424649;0.0144381;6.62368e-05;0.539899
0.425148;0.014963;0;0.53974
0.425647;0.015495;0.000153173;0.539994
0.426146;0.0160022;0.000157312;0.539994
0.426645;0.0164839;0.000124194;0.539994
0.427144;0.0168866;0.000798981;0.539581
0.427643;0.0174135;0.00149032;0.539994
0.428142;0.017821;0.00179253;0.539994
0.428641;0.0182958;0.00181323;0.539994
0.42914;0.0187764;0.00185876;0.539994
0.429639;0.0192718;0.00204506;0.539994
0.430138;0.0196577;0.00214441;0.539994
0.430637;0.0201137;0.00218995;0.539994
0.431136;0.0206148;0.00249216;0.539994
0.431635;0.0211508;0.00305516;0.539994
0.432134;0.0216807;0.00366786;0.539994
0.432633;0.0222304;0.00355194;0.539994
0.433132;0.0226943;0.00367614;0.539994
0.433631;0.023085;0.00404871;0.539994
0.43413;0.0236112;0.00413979;0.539994
0.434629;0.0240838;0.00462831;0.539994
0.435128;0.0245446;0.00482285;0.539994
0.435627;0.0250214;0.00467382;0.539994
0.436126;0.0255197;0.00524927;0.539994
0.436625;0.0259836;0.00596129;0.539994
0.437124;0.0264069;0.00611446;0.539994
0.437623;0.0269667;0.00617242;0.539994
0.438122;0.0275014;0.00612688;0.539994
0.438621;0.0279888;0.00638354;0.539994
0.43912;0.0284696;0.0065657;0.539994
0.439619;0.0289717;0.00675613;0.539994
0.440118;0.029421;0.00701694;0.539994
0.440617;0.029936;0.00782833;0.539994
0.441116;0.0304343;0.00787388;0.539994
0.441615;0.0309359;0.00823818;0.539994
0.442114;0.0314123;0.00818436;0.539994
0.442613;0.0319701;0.00827544;0.539899
0.443112;0.0323993;0.00882606;0.539994
0.443611;0.0328353;0.00896679;0.539994
0.44411;0.0333744;0.00948012;0.539994
0.444609;0.0338716;0.00999347;0.539994
0.445108;0.0343534;0.00958776;0.539994
0.445607;0.0348921;0.0100928;0.539994
0.446106;0.0354416;0.0102046;0.539994
0.446605;0.0358356;0.0105482;0.539994
0.447104;0.0363013;0.0103536;0.539994
0.447603;0.0368946;0.010809;0.539994
0.448102;0.0373436;0.0110781;0.539994
0.448601;0.0378005;0.0116121;0.539994
0.4491;0.038289;0.0115583;0.539994
0.449599;0.0387814;0.011521;0.539994
0.450098;0.0392601;0.0120964;0.539994
0.450597;0.0397238;0.0123448;0.539994
0.451096;0.0402679;0.0123904;0.539994
0.451595;0.0407175;0.0125311;0.539994
0.452094;0.0411715;0.0125187;0.539994
0.452593;0.0417442;0.0131811;0.539994
0.453092;0.0421656;0.0134791;0.539994
0.453591;0.0425729;0.013947;0.539994
0.45409;0.0431977;0.0141126;0.539994
0.454589;0.0436645;0.0147252;0.539994
0.455088;0.0441222;0.0148908;0.539994
0.455587;0.044601;0.0157271;0.539994
0.456086;0.0451223;0.0153586;0.539772
0.456585;0.0454639;0.015843;0.539612
0.457084;0.0459766;0.0162114;0.539994
0.457583;0.0464533;0.0162818;0.539994
0.458082;0.0468898;0.0162114;0.539994
0.458581;0.0473721;0.016406;0.539994
0.45908;0.0479022;0.0168324;0.539931
0.459579;0.0482494;0.0166006;0.539485
0.460078;0.0478773;0.0167413;0.539994
0.460577;0.0473289;0.0165219;0.539994
0.461076;0.046871;0.0164267;0.539835
0.461575;0.0464236;0.0163563;0.539994
0.462074;0.045827;0.0157064;0.539994
0.462573;0.0454036;0.0157188;0.539963
0.463072;0.0449779;0.0152965;0.539994
0.463571;0.0444539;0.0147666;0.539994
0.46407;0.0440483;0.0146549;0.539994
0.464569;0.0436743;0.0144603;0.539994
0.465068;0.043166;0.0141581;0.539994
0.465567;0.0426245;0.0138766;0.539994
0.466066;0.0421901;0.0127464;0.539994
0.466565;0.0417431;0.0127091;0.539994
0.467064;0.0411961;0.012498;0.539994
0.467563;0.0406892;0.0124193;0.539994
0.468062;0.040164;0.0124235;0.539517
0.468561;0.0396182;0.0123697;0.539994
0.46906;0.039203;0.0121503;0.539994
0.469559;0.0387725;0.0113554;0.539612
0.470058;0.0382653;0.0113264;0.539994
0.470557;0.0377256;0.0108338;0.539994
0.471056;0.0373663;0.0103784;0.539994
0.471555;0.036858;0.0101342;0.539994
0.472054;0.0364187;0.0102253;0.539994
0.472553;0.035887;0.0102211;0.539994
0.473052;0.0354061;0.0101508;0.539994
0.473551;0.034826;0.00974921;0.539994
0.47405;0.0343592;0.00967883;0.539994
0.474549;0.0338746;0.0098403;0.539994
0.475048;0.0332518;0.00847416;0.539994
0.475547;0.0328581;0.0086563;0.539835
0.476046;0.0324851;0.00830442;0.539994
0.476545;0.0319128;0.00826302;0.539994
0.477044;0.0313798;0.00804774;0.539994
0.477543;0.0309397;0.00797736;0.539994
0.478042;0.0305034;0.00702108;0.539994
0.478541;0.0299342;0.0071287;0.539994
0.47904;0.0294031;0.00724048;0.539994
0.479539;0.0289245;0.00656984;0.539421
0.480038;0.0284685;0.00664849;0.539994
0.480537;0.027834;0.00622209;0.539931
0.481036;0.0274561;0.00619725;0.539994
0.481535;0.0269497;0.00619726;0.539994
0.482034;0.0264592;0.00619726;0.539867
0.482533;0.0259934;0.00603581;0.539994
0.483032;0.0255158;0.00573777;0.539549
0.483531;0.0249966;0.00591577;0.539994
0.48403;0.0245269;0.00489326;0.539421
0.484529;0.0241124;0.00500916;0.539994
0.485028;0.0235982;0.00447513;0.539994
0.485527;0.0230229;0.00417705;0.539994
0.486026;0.0225808;0.00370098;0.539135
0.486525;0.0221811;0.00398248;0.539644
0.487024;0.0215979;0.00312141;0.539994
0.487523;0.0211498;0.00295582;0.539899
0.488022;0.0206721;0.00276125;0.539994
0.488521;0.0200277;0.00223549;0.539994
0.48902;0.0195945;0.00254183;0.539994
0.489519;0.0191623;0.00211543;0.539994
0.490018;0.0187053;0.00194984;0.539931
0.490517;0.0182444;0.00187532;0.539994
0.491016;0.0178299;0.00201608;0.539994
0.491515;0.0174116;0.00188774;0.539994
0.492014;0.0168609;0.000848658;0.539994
0.492513;0.0163931;0.000252528;0.539994
0.493012;0.015944;7.86562e-05;0.539994
0.493511;0.0154525;0.000190431;0.539994
0.49401;0.0148872;-0.000327044;0.539994
0.494509;0.0144884;-0.00021527;0.539994
0.495008;0.0140374;-0.000289786;0.539994
0.495507;0.0135143;-0.00061683;0.539994
0.496006;0.0130692;-0.000393281;0.539994
0.496505;0.0126547;-0.00160624;0.539708
0.497004;0.0120864;-0.00207404;0.539676
0.497503;0.0116669;-0.00202022;0.539421
0.498002;0.0111646;-0.00209059;0.539994
0.498501;0.0106277;-0.00238039;0.539358
0.499;0.0100731;-0.00297237;0.539485
0.499499;0.00956587;-0.00317522;0.539994
0.499998;0.00911282;-0.00374237;0.539994
0.500497;0.00855923;-0.00366786;0.539994
0.500996;0.00808746;-0.00374651;0.539994
0.501495;0.00765427;-0.00408183;0.539994
0.501994;0.00709173;-0.00409425;0.539994
0.502493;0.00667821;-0.00399904;0.539994
0.502992;0.00624994;-0.00413979;0.539994
0.503491;0.00574758;-0.00439233;0.539994
0.50399;0.00522453;-0.00472351;0.539994
0.504489;0.00475776;-0.00480217;0.539994
0.504988;0.00422975;-0.00564254;0.539994
0.505487;0.00370376;-0.00576258;0.539994
0.505986;0.0031758;-0.00612274;0.539994
0.506485;0.00275338;-0.0061807;0.539994
0.506984;0.00213165;-0.00621381;0.539994
0.507483;0.00157901;-0.0065657;0.539994
0.507982;0.00119906;-0.00732328;0.539994
0.508481;0.00072338;-0.00765031;0.539994
0.50898;0.00031284;-0.00793597;0.539994
0.509479;-0.000141124;-0.00827544;0.539994
0.509978;-0.000601994;-0.00826302;0.539994
0.510477;-0.00114577;-0.00825474;0.539994
0.510976;-0.0016471;-0.00831684;0.539994
0.511475;-0.00207343;-0.00892127;0.539994
0.511974;-0.0026261;-0.00905785;0.539994
0.512473;-0.0031748;-0.009476;0.539994
0.512972;-0.00358139;-0.0097906;0.539994
0.513471;-0.00407184;-0.00983613;0.539994
0.51397;-0.0046482;-0.0101052;0.539994
0.514469;-0.00508243;-0.0102004;0.539994
0.514968;-0.00556799;-0.0103288;0.539994
0.515467;-0.0060772;-0.0105896;0.539994
0.515966;-0.00660619;-0.011401;0.539867
0.516465;-0.00704636;-0.0116162;0.539994
0.516964;-0.00755456;-0.0114713;0.539549
0.517463;-0.00805491;-0.0117984;0.539994
0.517962;-0.0085661;-0.0122703;0.539994
0.518461;-0.00904771;-0.0124566;0.539994
0.51896;-0.00963884;-0.0125187;0.539994
0.519459;-0.0100129;-0.0124235;0.539994
0.519958;-0.0104816;-0.012647;0.539994
0.520457;-0.0110314;-0.0129161;0.539994
0.520956;-0.0115357;-0.0136075;0.539867
0.521455;-0.0119984;-0.014245;0.539994
0.521954;-0.0124958;-0.0143278;0.539772
0.522453;-0.0130396;-0.0145514;0.539963
0.522952;-0.0134679;-0.0143444;0.539994
0.523451;-0.0139417;-0.0145141;0.539994
0.52395;-0.0144944;-0.0151434;0.539994
0.524449;-0.0148989;-0.0157312;0.539994
0.524948;-0.015414;-0.0164184;0.539931
0.525447;-0.0159637;-0.0162984;0.539963
0.525946;-0.0164651;-0.0161493;0.539994
0.526445;-0.016854;-0.0164308;0.539994
0.526944;-0.0173138;-0.0165799;0.539421
0.527443;-0.0178338;-0.0170435;0.539835
0.527942;-0.0182247;-0.0168655;0.539994
0.528441;-0.0186481;-0.017826;0.539994
0.52894;-0.0191672;-0.0182027;0.539994
0.529439;-0.0196458;-0.0180785;0.539994
0.529938;-0.0200802;-0.0181778;0.539994
0.530437;-0.0206139;-0.0183931;0.539994
0.530936;-0.0211716;-0.0185794;0.539994
0.531435;-0.0216156;-0.0188567;0.539994
0.531934;-0.0220883;-0.0192624;0.539994
0.532433;-0.0226342;-0.0200035;0.539994
0.532932;-0.0229823;-0.0204009;0.539994
0.533431;-0.0234385;-0.0205665;0.539994
0.53393;-0.0240147;-0.0207362;0.539994
0.534429;-0.0244241;-0.0211543;0.539994
0.534928;-0.0248684;-0.0213737;0.539994
0.535427;-0.0253677;-0.0220983;0.539931
0.535926;-0.0259057;-0.0222308;0.539994
0.536425;-0.0262766;-0.0220362;0.539421
0.536924;-0.0267593;-0.0224709;0.539772
0.537423;-0.0273524;-0.0226572;0.539517
0.537922;-0.0277905;-0.022653;0.539963
0.538421;-0.0282693;-0.0227234;0.539994
0.53892;-0.0288799;-0.0227234;0.539931
0.539419;-0.0293569;-0.0227234;0.539994
0.539918;-0.0297861;-0.0230877;0.539994
0.540417;-0.0302556;-0.0232326;0.539994
0.540916;-0.0307434;-0.023125;0.539994
0.541415;-0.0312624;-0.0233567;0.539931
0.541914;-0.0316967;-0.024284;0.539899
0.542413;-0.0321911;-0.0245738;0.539485
0.542912;-0.0326834;-0.0247932;0.538944
0.543411;-0.0331582;-0.0247766;0.539994
0.54391;-0.0337907;-0.0247973;0.539931
0.544409;-0.0342655;-0.025141;0.538689
0.544908;-0.0347026;-0.0249505;0.539994
0.545407;-0.0352463;-0.0251368;0.538912
0.545906;-0.0357458;-0.0256088;0.539549
0.546405;-0.0360665;-0.0259938;0.539803
0.546904;-0.0365817;-0.0262092;0.539867
0.547403;-0.0371394;-0.026884;0.539453
0.547902;-0.0375093;-0.026884;0.539581
0.548401;-0.0380513;-0.0270413;0.539994
0.5489;-0.0386512;-0.0280554;0.539994
0.549399;-0.0391376;-0.0282789;0.539994
0.549898;-0.0394722;-0.0281714;0.539994
0.550397;-0.0400862;-0.0286432;0.539994
0.550896;-0.0405538;-0.0287716;0.539994
0.551395;-0.0409988;-0.0288088;0.539963
0.551894;-0.0415388;-0.0288958;0.539549
0.552393;-0.0420768;-0.0289206;0.539994
0.552892;-0.0424752;-0.0288792;0.539994
0.553391;-0.0430033;-0.029347;0.539994
0.55389;-0.0434978;-0.0295871;0.539994
0.554389;-0.0439674;-0.0293802;0.539994
0.554888;-0.0444441;-0.0298604;0.539994
0.555387;-0.04499;-0.0305767;0.539994
0.555886;-0.0454757;-0.0307837;0.539994
0.556385;-0.0459136;-0.0304856;0.539708
0.556884;-0.0464;-0.0310444;0.539994
0.557383;-0.0469471;-0.0309948;0.539994
0.557882;-0.0474027;-0.031239;0.539994
0.558381;-0.0478646;-0.0314543;0.539994
0.55888;-0.048449;-0.0320172;0.539994
0.559379;-0.0489166;-0.0323069;0.538849
0.559878;-0.0485704;-0.0324684;0.539994
0.560377;-0.0481497;-0.0321621;0.539994
0.560876;-0.0477157;-0.0312349;0.539994
0.561375;-0.0471019;-0.0313301;0.539994
0.561874;-0.0466942;-0.0312763;0.539994
0.562373;-0.0462766;-0.0309865;0.539994
0.562872;-0.0458339;-0.0309906;0.539994
0.563371;-0.0453187;-0.0309782;0.539994
0.56387;-0.0449315;-0.0308291;0.539994
0.564369;-0.0444785;-0.030618;0.539994
0.564868;-0.0439369;-0.0300592;0.539994
0.565367;-0.0434533;-0.029467;0.539994
0.565866;-0.042953;-0.0293222;0.539994
0.566365;-0.0423352;-0.0290324;0.539994
0.566864;-0.0418053;-0.0293139;0.539644
0.567363;-0.0413165;-0.0288792;0.539994
0.567862;-0.0407967;-0.0286019;0.539994
0.568361;-0.0402846;-0.0281879;0.539994
0.56886;-0.0398175;-0.0281673;0.539994
0.569359;-0.0393983;-0.02724;0.539994
0.569858;-0.0388613;-0.0268509;0.539994
0.570357;-0.0384074;-0.0268219;0.539994
0.570856;-0.0379083;-0.0268591;0.539994
0.571355;-0.037384;-0.0266065;0.539994
0.571854;-0.0368876;-0.0263043;0.539994
0.572353;-0.0364157;-0.0260725;0.539994
0.572852;-0.0359689;-0.0256501;0.539994
0.573351;-0.0354446;-0.0257454;0.539994
0.57385;-0.0349631;-0.0250913;0.539994
0.574349;-0.0345192;-0.0254722;0.539994
0.574848;-0.033991;-0.0250622;0.539994
0.575347;-0.0335185;-0.0246648;0.539994
0.575846;-0.0330998;-0.0246897;0.539994
0.576345;-0.0326065;-0.0244537;0.539994
0.576844;-0.0320639;-0.0239073;0.539994
0.577343;-0.03166;-0.0232823;0.539994
0.577842;-0.0311164;-0.0227441;0.539994
0.578341;-0.0305892;-0.022831;0.539994
0.57884;-0.030093;-0.0227193;0.539994
0.579339;-0.0296974;-0.0226779;0.539994
0.579838;-0.0291139;-0.0221852;0.539994
0.580337;-0.0285998;-0.0220196;0.539994
0.580836;-0.0282355;-0.0215311;0.539931
0.581335;-0.027684;-0.0213986;0.539994
0.581834;-0.0271917;-0.0209804;0.539994
0.582333;-0.0266832;-0.0206782;0.539994
0.582832;-0.026256;-0.0205913;0.539994
0.583331;-0.025721;-0.0205044;0.539994
0.58383;-0.0252997;-0.0207362;0.539994
0.584329;-0.0248179;-0.0205375;0.539994
0.584828;-0.0242841;-0.0203056;0.539994
0.585327;-0.0237622;-0.0195978;0.539994
0.585826;-0.02338;-0.0198586;0.539994
0.586325;-0.0228602;-0.0191176;0.539708
0.586824;-0.0223883;-0.0187284;0.539517
0.587323;-0.0218939;-0.0186705;0.539994
0.587822;-0.0214953;-0.0186456;0.539994
0.588321;-0.0209869;-0.0185835;0.539994
0.58882;-0.0205025;-0.0184966;0.539994
0.589319;-0.0200357;-0.0178301;0.539994
0.589818;-0.0194584;-0.0169939;0.539994
0.590317;-0.019038;-0.0169235;0.539994
0.590816;-0.018654;-0.0166254;0.539994
0.591315;-0.0181329;-0.0166502;0.539994
0.591814;-0.0176246;-0.016526;0.539994
0.592313;-0.0172102;-0.016526;0.539994
0.592812;-0.0167731;-0.0163439;0.539994
0.593311;-0.0162401;-0.0163066;0.539994
0.59381;-0.0157229;-0.0162238;0.539994
0.594309;-0.0153489;-0.0155035;0.539994
0.594808;-0.0148477;-0.0152675;0.539994
0.595307;-0.0143285;-0.0145638;0.539994
0.595806;-0.0139249;-0.0150812;0.539994
0.596305;-0.0135044;-0.0147625;0.539994
0.596804;-0.0129567;-0.0145928;0.539994
0.597303;-0.012408;-0.0143899;0.539994
0.597802;-0.0119739;-0.0140173;0.539994
0.598301;-0.0114133;-0.0141829;0.539994
0.5988;-0.0109188;-0.0138062;0.539994
0.599299;-0.0104214;-0.0128333;0.539994
0.599798;-0.00988954;-0.0123945;0.539994
0.600297;-0.00939511;-0.0123862;0.539994
0.600796;-0.00900426;-0.012349;0.539994
0.601295;-0.00851384;-0.0121254;0.539994
0.601794;-0.00794238;-0.0109;0.539994
0.602293;-0.00745493;-0.0112892;0.539899
0.602792;-0.0070187;-0.010838;0.539963
0.603291;-0.00641867;-0.0104364;0.539994
0.60379;-0.00590451;-0.0105026;0.539994
0.604289;-0.00544264;-0.0103288;0.539994
0.604788;-0.00494823;-0.0103495;0.539994
0.605287;-0.00437581;-0.0102791;0.539994
0.605786;-0.0039258;-0.00951743;0.539994
0.606285;-0.00346495;-0.00963744;0.539994
0.606784;-0.00294287;-0.00926486;0.539994
0.607283;-0.00243957;-0.00881364;0.539994
0.607782;-0.00205961;-0.00904545;0.539994
0.608281;-0.00152967;-0.00861492;0.539994
0.60878;-0.00103326;-0.00836652;0.539994
0.609279;-0.0005941;-0.00817195;0.539994
0.609778;-1.38163e-05;-0.00815124;0.539994
0.610277;0.000436199;-0.00772069;0.539994
0.610776;0.000896083;-0.00736882;0.539994
0.611275;0.00130268;-0.0072322;0.539994
0.611774;0.00189283;-0.00624693;0.539994
0.612273;0.00242477;-0.00626349;0.539994
0.612772;0.00281952;-0.00607723;0.538658
0.613271;0.00333171;-0.00616;0.539994
0.61377;0.00382711;-0.00587849;0.539994
0.614269;0.00419816;-0.00577915;0.539994
0.614768;0.00481006;-0.00499674;0.539994
0.615267;0.00538935;-0.00439233;0.539994
0.615766;0.00580484;-0.0045248;0.539994
0.616265;0.00627852;-0.00452067;0.539994
0.616764;0.00684304;-0.00426813;0.539994
0.617263;0.00727137;-0.00424329;0.539994
0.617762;0.00770849;-0.00413151;0.539994
0.618261;0.00830067;-0.00413151;0.539931
0.61876;0.00872695;-0.00398248;0.539994
0.619259;0.00919477;-0.00357678;0.539994
0.619758;0.00975728;-0.0024963;0.539994
0.620257;0.0102734;-0.00278195;0.539835
0.620756;0.0107274;-0.00224377;0.539994
0.621255;0.0112001;-0.00238867;0.539994
0.621754;0.0117775;-0.00205334;0.539994
0.622253;0.0122382;-0.00195812;0.539994
0.622752;0.0126597;-0.00172215;0.539994
0.623251;0.013162;-0.00158968;0.539994
0.62375;0.0136703;-0.00141995;0.539994
0.624249;0.0140868;-0.00130403;0.539994
0.624748;0.0145832;-0.00134543;0.539994
0.625247;0.0150953;-0.000434679;0.539994
0.625746;0.015565;-0.000376722;0.539612
0.626245;0.0160082;-9.93552e-05;0.539358
0.626744;0.0164819;0;0.53869
0.627243;0.0169754;0.000269087;0.539931
0.627742;0.0173346;0.000219409;0.539994
0.628241;0.0178674;0.000931454;0.539517
0.62874;0.0183886;0.00131231;0.539994
0.629239;0.0187971;0.00196226;0.539994
0.629738;0.0192461;0.00195398;0.539994
0.630237;0.0197238;0.00214855;0.53974
0.630736;0.020242;0.00283163;0.539963
0.631235;0.0207027;0.00336979;0.539994
0.631734;0.0212712;0.00378791;0.538849
0.632233;0.0217952;0.00374237;0.539167
0.632732;0.0222018;0.00408183;0.539931
0.633231;0.0227348;0.00414393;0.539994
0.63373;0.0231649;0.00413151;0.539867
0.634229;0.0236526;0.00435507;0.539994
0.634728;0.0240453;0.00417291;0.539867
0.635227;0.0246394;0.0045662;0.538976
0.635726;0.025127;0.00447097;0.538753
0.636225;0.0256017;0.00561769;0.539994
0.636724;0.0261158;0.00549766;0.539581
0.637223;0.0266112;0.00591161;0.539931
0.637722;0.0270298;0.00601511;0.539994
0.638221;0.0276099;0.00620139;0.539835
0.63872;0.0281359;0.00629247;0.539994
0.639219;0.0285574;0.00639596;0.539994
0.639718;0.0289599;0.00649532;0.539994
0.640217;0.029566;0.00701278;0.539994
0.640716;0.0299508;0.00654913;0.539708
0.641215;0.0304975;0.00743918;0.539803
0.641714;0.0310473;0.00796909;0.539994
0.642213;0.0316414;0.00824232;0.539994
0.642712;0.0320402;0.00826302;0.539994
0.643211;0.0325709;0.00826302;0.539994
0.64371;0.0330545;0.00832512;0.539994
0.644209;0.0334672;0.00876809;0.539994
0.644708;0.0339249;0.00946773;0.539994
0.645207;0.0344412;0.00863146;0.539994
0.645706;0.0349542;0.00992722;0.539994
0.646205;0.0354002;0.0101425;0.539994
0.646704;0.0358869;0.0104447;0.539994
0.647203;0.0364701;0.0102128;0.539994
0.647702;0.0369035;0.0102211;0.539994
0.648201;0.0374422;0.0107262;0.539994
0.6487;0.0379664;0.0116287;0.539994
0.649199;0.0383897;0.0121378;0.539994
0.649698;0.0389432;0.0120675;0.539994
0.650197;0.0394288;0.012171;0.539994
0.650696;0.0398738;0.0124069;0.539994
0.651195;0.0403389;0.012498;0.539994
0.651694;0.040836;0.0129658;0.539994
0.652193;0.0413244;0.0126677;0.539994
0.652692;0.0418162;0.0129699;0.539994
0.653191;0.0422642;0.0133177;0.539994
0.65369;0.0428158;0.0134626;0.539994
0.654189;0.0433161;0.0141995;0.539994
0.654688;0.0437414;0.0142947;0.539994
0.655187;0.0442318;0.0145803;0.539994
0.655686;0.0447362;0.0148701;0.539994
0.656185;0.0451726;0.0151351;0.539994
0.656684;0.0456484;0.0160996;0.539994
0.657183;0.0461433;0.016406;0.539994
0.657682;0.0465719;0.0164225;0.539994
0.658181;0.0469332;0.0164639;0.539994
0.65868;0.0475102;0.0169318;0.539994
0.659179;0.047909;0.0166502;0.539994
0.659678;0.0481546;0.0169152;0.539994
0.660177;0.0477363;0.0166378;0.539994
0.660676;0.0472914;0.0164639;0.539167
0.661175;0.0467466;0.0162073;0.539867
0.661674;0.0463002;0.0160707;0.539453
0.662173;0.0459276;0.0158305;0.539644
0.662672;0.0454016;0.0149032;0.539994
0.663171;0.0448792;0.014717;0.539994
0.66367;0.0445219;0.014452;0.539803
0.664169;0.0440475;0.0143982;0.539326
0.664668;0.0434681;0.0141415;0.539994
0.665167;0.0429194;0.0136737;0.539963
0.665666;0.0425208;0.0130362;0.539899
0.666165;0.0419889;0.0128747;0.539994
0.666664;0.0415485;0.0127961;0.539899
0.667163;0.0410876;0.0124069;0.539994
0.667662;0.0405709;0.0124193;0.539994
0.668161;0.0400475;0.0122372;0.539994
0.66866;0.039632;0.0122993;0.539994
0.669159;0.0391022;0.0116701;0.539994
0.669658;0.0386038;0.0120054;0.539835
0.670157;0.0382002;0.0112354;0.539931
0.670656;0.0377838;0.010366;0.539994
0.671155;0.0372045;0.010337;0.539803
0.671654;0.0366822;0.0103702;0.539708
0.672153;0.0362461;0.0103577;0.539899
0.672652;0.0356667;0.00998102;0.539581
0.673151;0.0351704;0.00954636;0.539994
0.67365;0.0347254;0.00869358;0.539549
0.674149;0.0342852;0.00845346;0.539994
0.674648;0.0337138;0.00827958;0.539931
0.675147;0.0332281;0.00826302;0.539994
0.675646;0.0328226;0.00823818;0.539994
0.676145;0.0322514;0.00824232;0.539994
0.676644;0.031815;0.00817195;0.539899
0.677143;0.0313561;0.00768344;0.539994
0.677642;0.0306899;0.00656156;0.538721
0.678141;0.0301028;0.00632559;0.539994
0.67864;0.0296243;0.00623037;0.539994
0.679139;0.0292007;0.00619726;0.539708
0.679638;0.0286975;0.00607306;0.539485
0.680137;0.0282237;0.00617656;0.539453
0.680636;0.0278813;0.00619726;0.539994
0.681135;0.0273279;0.00606893;0.539994
0.681634;0.0268342;0.00582885;0.539994
0.682133;0.0263271;0.00529896;0.539994
0.682632;0.0258532;0.00469867;0.539994
0.683131;0.0253363;0.00481046;0.539994
0.68363;0.0248999;0.00469868;0.539994
0.684129;0.0243986;0.00463657;0.539994
0.684628;0.0238618;0.00453309;0.539994
0.685127;0.0234314;0.00422673;0.539994
0.685626;0.0230702;0.00419361;0.539835
0.686125;0.0225364;0.00410667;0.539994
0.686624;0.0219877;0.0039742;0.539994
0.687123;0.0216186;0.00383759;0.539835
0.687622;0.0211241;0.00358921;0.539994
0.688121;0.0205528;0.00373824;0.539994
0.68862;0.0200317;0.00277366;0.539994
0.689119;0.0196133;0.00225205;0.539994
0.689618;0.0191228;0.0019043;0.539994
0.690117;0.0186224;0.00192914;0.539994
0.690616;0.0182148;0.00185462;0.539963
0.691115;0.0176621;0.00105565;0.539994
0.691614;0.0171806;0.000844518;0.539994
0.692113;0.016781;0.000273227;0.539994
0.692612;0.01632;8.2796e-05;0.539262
0.693111;0.0158334;0;0.539994
0.69361;0.0154091;-0.000115914;0.539994
0.694109;0.0149375;-0.000153173;0.539931
0.694608;0.0143907;-0.000902475;0.539994
0.695107;0.013919;-0.00117984;0.539899
0.695606;0.0135232;-0.00137027;0.539994
0.696105;0.0129695;-0.00187532;0.539994
0.696604;0.0124326;-0.00204092;0.53974
0.697103;0.0120666;-0.00206576;0.539994
0.697602;0.0115288;-0.00217339;0.539994
0.698101;0.0109475;-0.00231829;0.539994
0.6986;0.0104846;-0.00256254;0.539994
0.699099;0.0100504;-0.00259151;0.539994
0.699598;0.00956783;-0.00266603;0.539994
0.700097;0.00907137;-0.00345673;0.539994
0.700596;0.00853456;-0.00315452;0.539994
0.701095;0.00799666;-0.00310485;0.539994
0.701594;0.00745987;-0.00404043;0.539994
0.702093;0.00698318;-0.00404871;0.539994
0.702592;0.00657458;-0.00419775;0.539994
0.703091;0.00600419;-0.00459519;0.539994
0.70359;0.00555515;-0.00430539;0.539994
0.704089;0.00512979;-0.00431367;0.539994
0.704588;0.00458898;-0.00486013;0.539994
0.705087;0.00404915;-0.00556801;0.539994
0.705586;0.00366527;-0.00587022;0.539994
0.706085;0.00313829;-0.00621381;0.539994
0.706584;0.0025945;-0.00619726;0.539994
0.707083;0.00212277;-0.00644565;0.539994
0.707582;0.00169349;-0.00645391;0.539994
0.708081;0.00118425;-0.00686376;0.539994
0.70858;0.000698708;-0.00724876;0.539994
0.709079;0.000228956;-0.00777038;0.539994
0.709578;-0.000276326;-0.00783662;0.539994
0.710077;-0.000822068;-0.00793597;0.539994
0.710576;-0.00126814;-0.00796495;0.539994
0.711075;-0.00176355;-0.00824232;0.539994
0.711574;-0.00229351;-0.00808914;0.539994
0.712073;-0.00263301;-0.00812227;0.539994
0.712572;-0.00311065;-0.00830028;0.539994
0.713071;-0.00353698;-0.00902062;0.539994
0.71357;-0.00403928;-0.00955465;0.539994
0.714069;-0.00455839;-0.00953809;0.539994
0.714568;-0.00511205;-0.0103288;0.539994
0.715067;-0.00573083;-0.00998516;0.539899
0.715566;-0.00620154;-0.0103288;0.539994
0.716065;-0.00671968;-0.010453;0.539994
0.716564;-0.00722993;-0.0108297;0.539994
0.717063;-0.00765225;-0.0112188;0.539994
0.717562;-0.0081625;-0.0119226;0.539994
0.718061;-0.00868155;-0.0117984;0.539994
0.71856;-0.00911582;-0.0122827;0.539994
0.719059;-0.00960923;-0.0123904;0.539994
0.719558;-0.0101214;-0.0124897;0.539994
0.720057;-0.0106129;-0.0126429;0.539994
0.720556;-0.0110531;-0.0127671;0.539994
0.721055;-0.0115801;-0.013504;0.540185
0.721554;-0.0121632;-0.0142326;0.539994
0.722053;-0.012636;-0.0141001;0.539994
0.722552;-0.0131284;-0.0144851;0.539994
0.723051;-0.0136328;-0.0143775;0.539994
0.72355;-0.0141637;-0.0149405;0.539994
0.724049;-0.0145901;-0.0149198;0.539994
0.724548;-0.0149936;-0.0146176;0.539994
0.725047;-0.0155423;-0.0153545;0.539994
0.725546;-0.0159864;-0.0160541;0.539994
0.726045;-0.0164108;-0.0157726;0.539994
0.726544;-0.0169468;-0.01617;0.539994
0.727043;-0.0173711;-0.0165509;0.539994
0.727542;-0.017817;-0.016526;0.539994
0.728041;-0.0183323;-0.016584;0.539994
0.72854;-0.018806;-0.0167744;0.539994
0.729039;-0.0192935;-0.0172091;0.539994
0.729538;-0.0197248;-0.0175693;0.539994
0.730037;-0.0202577;-0.0182358;0.540154
0.730536;-0.0206741;-0.0185504;0.539994
0.731035;-0.0211459;-0.018567;0.539994
0.731534;-0.02166;-0.0186125;0.539899
0.732033;-0.0221475;-0.0187243;0.539708
0.732532;-0.0225848;-0.0191382;0.539994
0.733031;-0.023087;-0.0192128;0.539994
0.73353;-0.0235707;-0.019577;0.539994
0.734029;-0.0240206;-0.0197675;0.539994
0.734528;-0.024587;-0.0202435;0.539994
0.735027;-0.0251073;-0.0206534;0.539994
0.735526;-0.0254911;-0.0207569;0.539994
0.736025;-0.0259067;-0.0206906;0.539994
0.736524;-0.0264019;-0.0207072;0.539994
0.737023;-0.0269114;-0.0207279;0.539994
0.737522;-0.0273929;-0.0210012;0.539994
0.738021;-0.0278161;-0.0220527;0.539994
0.73852;-0.0283403;-0.0222556;0.539994
0.739019;-0.0288356;-0.0227234;0.539994
0.739518;-0.0293026;-0.0227234;0.539994
0.740017;-0.0298788;-0.0226489;0.539994
0.740516;-0.030308;-0.0228393;0.539994
0.741015;-0.0307246;-0.0228186;0.539994
0.741514;-0.0313166;-0.0230008;0.539994
0.742013;-0.0317717;-0.0229387;0.539994
0.742512;-0.0322621;-0.0232823;0.539994
0.743011;-0.0328195;-0.0240977;0.539994
0.74351;-0.0332302;-0.0235927;0.539994
0.744009;-0.0336566;-0.0243958;0.539994
0.744508;-0.0341885;-0.0246814;0.539994
0.745007;-0.0347322;-0.0248718;0.539994
0.745506;-0.0351358;-0.024876;0.539994
0.746005;-0.0355897;-0.0249008;0.539994
0.746504;-0.036249;-0.0251782;0.539994
0.747003;-0.0367673;-0.0256998;0.539994
0.747502;-0.0371394;-0.0262878;0.539994
0.748001;-0.03761;-0.0268012;0.539994
0.7485;-0.0382446;-0.0269378;0.539994
0.748999;-0.0386029;-0.0270537;0.539994
0.749498;-0.0390794;-0.0271117;0.539994
0.749997;-0.039568;-0.0273476;0.539994
0.750496;-0.0400546;-0.0278029;0.539994
0.750995;-0.0404927;-0.0285356;0.539994
0.751494;-0.0410393;-0.0283369;0.539994
0.751993;-0.0415822;-0.0287591;0.539994
0.752492;-0.0420522;-0.0288668;0.539994
0.752991;-0.0426114;-0.0289247;0.539994
0.75349;-0.0431997;-0.0290945;0.539994
0.753989;-0.0436349;-0.0293802;0.539994
0.754488;-0.0441262;-0.0299391;0.539994
0.754987;-0.0446681;-0.0300675;0.539994
0.755486;-0.0451579;-0.0306843;0.539994
0.755985;-0.0455388;-0.0309865;0.539994
0.756484;-0.0460288;-0.0309534;0.539994
0.756983;-0.0464612;-0.0309865;0.539994
0.757482;-0.0469224;-0.0310693;0.539994
0.757981;-0.047451;-0.0313218;0.539994
0.75848;-0.0480166;-0.0317771;0.539994
0.758979;-0.0484065;-0.0322532;0.539994
0.759478;-0.0488556;-0.0322408;0.539994
0.759977;-0.0486929;-0.0325471;0.539994
0.760476;-0.0482079;-0.0314626;0.539994
0.760975;-0.0476398;-0.031239;0.539994
0.761474;-0.0471561;-0.0311065;0.539994
0.761973;-0.0466488;-0.0309865;0.539994
0.762472;-0.046113;-0.0309865;0.539994
0.762971;-0.0456897;-0.0309616;0.539994
0.76347;-0.0451814;-0.0309823;0.539994
0.763969;-0.0446887;-0.0308209;0.539994
0.764468;-0.0441748;-0.0304855;0.539994
0.764967;-0.0437977;-0.0306511;0.539994
0.765466;-0.043396;-0.0301791;0.539994
0.765965;-0.0427498;-0.0295084;0.539994
0.766464;-0.0422918;-0.0290779;0.539994
0.766963;-0.0417658;-0.0289371;0.539994
0.767462;-0.0412257;-0.0288833;0.539994
0.767961;-0.0407808;-0.028904;0.539994
0.76846;-0.0402529;-0.0289082;0.539994
0.768959;-0.0397257;-0.0287219;0.539994
0.769458;-0.0392306;-0.0285232;0.539994
0.769957;-0.0388278;-0.0279975;0.539994
0.770456;-0.0383482;-0.027269;0.539835
0.770955;-0.0377305;-0.0269461;0.539994
0.771454;-0.0373208;-0.0272275;0.539994
0.771953;-0.0368254;-0.0267598;0.539994
0.772452;-0.0363822;-0.026855;0.539994
0.772951;-0.0358692;-0.0262961;0.539994
0.77345;-0.0354052;-0.0253852;0.539994
0.773949;-0.0349197;-0.0254721;0.539994
0.774448;-0.0344866;-0.0253273;0.539994
0.774947;-0.0340087;-0.0248139;0.539835
0.775446;-0.0334128;-0.0246152;0.539994
0.775945;-0.0329173;-0.0241516;0.539994
0.776444;-0.0324526;-0.0242758;0.539994
0.776943;-0.0319394;-0.023659;0.539994
0.777442;-0.0314183;-0.0232326;0.539994
0.777941;-0.0309121;-0.023187;0.539994
0.77844;-0.030528;-0.0231498;0.539803
0.778939;-0.0300772;-0.0229511;0.539963
0.779438;-0.0295384;-0.0225868;0.539994
0.779937;-0.0291514;-0.0226944;0.539994
0.780436;-0.0287005;-0.0226365;0.539899
0.780935;-0.0280264;-0.0225661;0.539994
0.781434;-0.0275488;-0.0226116;0.539994
0.781933;-0.0270555;-0.0220154;0.539835
0.782432;-0.0264987;-0.021204;0.539994
0.782931;-0.0260418;-0.0214856;0.539994
0.78343;-0.0256253;-0.0209929;0.539931
0.783929;-0.025123;-0.0208107;0.538944
0.784428;-0.0246146;-0.0205871;0.539994
0.784927;-0.0242397;-0.0206203;0.539994
0.785426;-0.0237878;-0.0201442;0.539994
0.785925;-0.0232004;-0.0195316;0.539994
0.786424;-0.022721;-0.0194156;0.539994
0.786923;-0.0223557;-0.0194032;0.539994
0.787422;-0.021817;-0.0185918;0.539867
0.787921;-0.0213058;-0.0186249;0.539994
0.78842;-0.0208379;-0.0184635;0.539994
0.788919;-0.0203407;-0.0185007;0.539994
0.789418;-0.0198471;-0.0180578;0.539994
0.789917;-0.0193014;-0.0176562;0.539994
0.790416;-0.0189511;-0.0171346;0.539994
0.790915;-0.0184635;-0.0167082;0.539994
0.791414;-0.0179118;-0.016526;0.539994
0.791913;-0.0175615;-0.0165219;0.539994
0.792412;-0.0170721;-0.016526;0.539994
0.792911;-0.0166201;-0.0159837;0.539994
0.79341;-0.0161986;-0.0156318;0.539994
0.793909;-0.0157012;-0.0152468;0.539994
0.794408;-0.0151773;-0.0149736;0.539994
0.794907;-0.014675;-0.0148536;0.539994
0.795406;-0.0142042;-0.0146052;0.539994
0.795905;-0.0136989;-0.0143899;0.539994
0.796404;-0.0132261;-0.0145307;0.539994
0.796903;-0.0128097;-0.0143775;0.539994
0.797402;-0.0122817;-0.014216;0.539994
0.797901;-0.0117646;-0.013239;0.539994
0.7984;-0.0113205;-0.0126677;0.539994
0.798899;-0.0107441;-0.0124566;0.539994
0.799398;-0.010298;-0.0125311;0.539994
0.799897;-0.00975633;-0.0123159;0.539994
0.800396;-0.00928653;-0.0124193;0.539994
0.800895;-0.00876841;-0.012349;0.539994
0.801394;-0.0082898;-0.0122372;0.539994
0.801893;-0.00788415;-0.0114299;0.539994
0.802392;-0.00731675;-0.0115458;0.539994
0.802891;-0.00679467;-0.0113968;0.539994
0.80339;-0.00629926;-0.0105192;0.539994
0.803889;-0.00579002;-0.0104364;0.539994
0.804388;-0.0052867;-0.0103039;0.53974
0.804887;-0.00474591;-0.0103909;0.539994
0.805386;-0.004286;-0.0103205;0.539994
0.805885;-0.00380244;-0.00981543;0.539994
0.806384;-0.00326955;-0.0101673;0.539994
0.806883;-0.0028353;-0.00937665;0.539994
0.807382;-0.002332;-0.00862319;0.539994
0.807881;-0.00178527;-0.00825888;0.539994
0.80838;-0.00132439;-0.00823818;0.539994
0.808879;-0.0008497;-0.00822162;0.539994
0.809378;-0.000299024;-0.00799806;0.539994
0.809877;9.9675e-05;-0.00759236;0.539994
0.810376;0.000574362;-0.00777866;0.539994
0.810875;0.00106188;-0.00713284;0.539994
0.811374;0.00147637;-0.00702107;0.539994
0.811873;0.00190467;-0.00673128;0.539994
0.812372;0.00228858;-0.00635042;0.539994
0.812871;0.00288268;-0.00616414;0.539994
0.81337;0.00343928;-0.00575844;0.539994
0.813869;0.00394454;-0.0058661;0.539994
0.814368;0.00450212;-0.00502158;0.539994
0.814867;0.00496697;-0.00571293;0.539994
0.815366;0.00545055;-0.00531966;0.539994
0.815865;0.00592819;-0.00492222;0.539867
0.816364;0.00639103;-0.00473593;0.539358
0.816863;0.00679765;-0.00413151;0.539867
0.817362;0.00732565;-0.00422673;0.539931
0.817861;0.00786442;-0.00413151;0.539994
0.81836;0.00829475;-0.00396178;0.539708
0.818859;0.00875853;-0.00406941;0.539421
0.819358;0.0093477;-0.00352712;0.538085
0.819857;0.00990532;-0.0025998;0.539994
0.820356;0.0103454;-0.00250044;0.539994
0.820855;0.0108162;-0.00229759;0.539994
0.821354;0.0113077;-0.00238867;0.539994
0.821853;0.0118258;-0.00206576;0.539994
0.822352;0.0123251;-0.00221479;0.539931
0.822851;0.0128225;-0.00206576;0.539994
0.82335;0.0132666;-0.00187946;0.539994
0.823849;0.0137206;-0.00158554;0.539994
0.824348;0.0141983;-0.000952152;0.539994
0.824847;0.0147194;-0.000579572;0.539994
0.825346;0.0151179;-0.000244248;0.539994
0.825845;0.0156815;-1.24194e-05;0.539708
0.826344;0.0162125;8.69358e-05;0.539994
0.826843;0.0166428;0.000157312;0.539994
0.827342;0.0171175;0.000364303;0.539994
0.827841;0.0176256;0.00180081;0.539994
0.82834;0.0181003;0.00175113;0.539994
0.828839;0.0184971;0.0019043;0.539994
0.829338;0.019031;0.00213613;0.539994
0.829837;0.0195215;0.00232657;0.539994
0.830336;0.0198226;0.00297237;0.539994
0.830835;0.0203781;0.00348158;0.539994
0.831334;0.0209308;0.00350227;0.539994
0.831833;0.0214192;0.00385414;0.539994
0.832332;0.0219313;0.00409011;0.539994
0.832831;0.0224575;0.00411909;0.539994
0.83333;0.0229271;0.00420603;0.539994
0.833829;0.0233595;0.00418533;0.539994
0.834328;0.0238578;0.00427227;0.539644
0.834827;0.0243778;0.00466969;0.539994
0.835326;0.0247351;0.00510437;0.539994
0.835825;0.025273;0.00504642;0.539994
0.836324;0.0258001;0.00539003;0.539994
0.836823;0.0262086;0.00563841;0.539994
0.837322;0.0266408;0.00591576;0.539835
0.837821;0.0272715;0.00593233;0.539994
0.83832;0.0277273;0.00616828;0.539994
0.838819;0.0281122;0.00604823;0.539994
0.839318;0.0286481;0.00619726;0.539994
0.839817;0.0292058;0.0064622;0.539994
0.840316;0.029644;0.00764204;0.539994
0.840815;0.0301728;0.00791527;0.539994
0.841314;0.0307325;0.00824232;0.539994
0.841813;0.0311282;0.0078035;0.539994
0.842312;0.0316443;0.00827544;0.539994
0.842811;0.0321851;0.0083748;0.539931
0.84331;0.0325739;0.00841619;0.539994
0.843809;0.0329725;0.00895854;0.539994
0.844308;0.0335116;0.00869358;0.539994
0.844807;0.0340699;0.00896682;0.539994
0.845306;0.0345872;0.00910756;0.539994
0.845805;0.0351427;0.0095505;0.539994
0.846304;0.0356796;0.0102915;0.539994
0.846803;0.0361139;0.0103205;0.539994
0.847302;0.0366182;0.0105647;0.539994
0.847801;0.0370861;0.0105068;0.539994
0.8483;0.0376228;0.0110408;0.539994
0.848799;0.0379476;0.011608;0.539994
0.849298;0.0384262;0.0120343;0.539994
0.849797;0.0389826;0.0119971;0.539994
0.850296;0.0394318;0.0122538;0.539994
0.850795;0.0398955;0.0121378;0.539994
0.851294;0.0404808;0.0123117;0.539994
0.851793;0.0409307;0.0124276;0.539994
0.852292;0.0413689;0.0126967;0.539994
0.852791;0.0419248;0.0130196;0.539994
0.85329;0.0424505;0.0134336;0.539994
0.853789;0.042875;0.0137358;0.539994
0.854288;0.0433586;0.0138559;0.539994
0.854787;0.0438529;0.013889;0.539994
0.855286;0.044293;0.0142657;0.539994
0.855785;0.0447273;0.0145928;0.539994
0.856284;0.0453069;0.0144893;0.539994
0.856783;0.0456908;0.0153586;0.539994
0.857282;0.0461847;0.0155077;0.539644
0.857781;0.0466746;0.016021;0.539994
0.85828;0.0471809;0.0162694;0.539994
0.858779;0.0476217;0.0164681;0.539994
0.859278;0.0481034;0.0164805;0.539994
0.859777;0.0482593;0.0164184;0.539994
0.860276;0.0477423;0.016199;0.539994
0.860775;0.0472559;0.0163604;0.539994
0.861274;0.0468167;0.0160458;0.539994
0.861773;0.0462983;0.016199;0.539931
0.862272;0.0457035;0.0156649;0.53974
0.862771;0.0453088;0.0159754;0.539994
0.86327;0.0448279;0.0152344;0.539994
0.863769;0.0443424;0.0145141;0.539994
0.864268;0.043856;0.0144727;0.539994
0.864767;0.0434651;0.0144065;0.539994
0.865266;0.0429658;0.0142906;0.539931
0.865765;0.0424033;0.0137814;0.539612
0.866264;0.0419958;0.0137855;0.539963
0.866763;0.0415218;0.0128913;0.539708
0.867262;0.0409553;0.0126677;0.539708
0.867761;0.0404801;0.0127464;0.539994
0.86826;0.0399764;0.0124028;0.539994
0.868759;0.0395078;0.0124235;0.539994
0.869258;0.0390005;0.012113;0.539994
0.869757;0.0385979;0.0113678;0.539708
0.870256;0.0380927;0.0110118;0.539994
0.870755;0.0376091;0.0109125;0.539994
0.871254;0.0371778;0.0103246;0.539994
0.871753;0.0366812;0.0102957;0.539994
0.872252;0.0361484;0.0103495;0.539994
0.872751;0.0357052;0.010337;0.539994
0.87325;0.0352463;0.00986513;0.539994
0.873749;0.034682;0.00952151;0.539994
0.874248;0.0341578;0.00904133;0.539994
0.874747;0.0336477;0.00867288;0.539994
0.875246;0.0331067;0.00832512;0.539994
0.875745;0.0326322;0.00832926;0.539994
0.876244;0.0322415;0.0083127;0.539994
0.876743;0.0317567;0.00828786;0.539994
0.877242;0.0312043;0.00815952;0.539994
0.877741;0.0307076;0.00813882;0.539994
0.87824;0.0302617;0.00786973;0.539994
0.878739;0.0297388;0.00732743;0.539994
0.879238;0.0292323;0.00684306;0.539803
0.879737;0.028817;0.00673129;0.539994
0.880236;0.02827;0.00623865;0.539994
0.880735;0.0277403;0.00619726;0.539994
0.881234;0.0272213;0.00619726;0.539994
0.881733;0.0267434;0.00608135;0.539994
0.882232;0.0261869;0.00605237;0.539994
0.882731;0.0256983;0.00557632;0.539994
0.88323;0.0253747;0.00522443;0.539994
0.883729;0.0248298;0.0045248;0.539994
0.884228;0.0243118;0.00426399;0.539994
0.884727;0.0239585;0.00432609;0.539994
0.885226;0.0234215;0.00409011;0.539994
0.885725;0.0229302;0.00412737;0.539994
0.886224;0.0224712;0.0039949;0.539994
0.886723;0.0220706;0.00338636;0.539994
0.887222;0.0214726;0.00397006;0.539835
0.887721;0.020906;0.00300136;0.539994
0.88822;0.0205409;0.00248802;0.539994
0.888719;0.0199606;0.00222307;0.539994
0.889218;0.0194475;0.00204506;0.539994
0.889717;0.019111;0.00203678;0.539994
0.890216;0.0186421;0.0016435;0.539994
0.890715;0.0181201;0.000902475;0.539899
0.891214;0.0176404;0.000451239;0.539994
0.891713;0.0171757;0.000554734;0.539994
0.892212;0.0167356;0.000376722;0.539994
0.892711;0.0163181;0.000264947;0.539994
0.89321;0.0158275;-0.000107635;0.539994
0.893709;0.0152335;-9.10756e-05;0.539581
0.894208;0.0147066;-0.000575432;0.539994
0.894707;0.0142772;-0.000322905;0.539994
0.895206;0.0138371;-0.000641669;0.539994
0.895705;0.0133564;-0.00172629;0.539994
0.896204;0.0128758;-0.0015193;0.539994
0.896703;0.0124702;-0.00182979;0.539994
0.897202;0.0119906;-0.00195812;0.539994
0.897701;0.0114488;-0.0019871;0.539994
0.8982;0.0109603;-0.0024963;0.539994
0.898699;0.0105349;-0.00218167;0.539994
0.899198;0.00994283;-0.00256253;0.539994
0.899697;0.00952836;-0.00251287;0.539994
0.900196;0.00901807;-0.00265362;0.539994
0.900695;0.00842403;-0.00272399;0.539994
0.901194;0.00793054;-0.00364715;0.539994
0.901693;0.00750724;-0.00325388;0.539994
0.902192;0.00696047;-0.00413151;0.539994
0.902691;0.00653017;-0.00413979;0.539994
0.90319;0.00612066;-0.00418533;0.539994
0.903689;0.00563607;-0.00505055;0.539994
0.904188;0.00503111;-0.00560528;0.539994
0.904687;0.00455938;-0.0057543;0.539994
0.905186;0.00400179;-0.00616414;0.539994
0.905685;0.00347975;-0.00615172;0.539994
0.906184;0.00296657;-0.00618898;0.539994
0.906683;0.00247214;-0.00620554;0.539994
0.907182;0.00191553;-0.0063173;0.539899
0.907681;0.00143591;-0.00679752;0.539994
0.90818;0.0010826;-0.00742677;0.539994
0.908679;0.000585217;-0.00771655;0.539994
0.909178;0.000125334;-0.00787388;0.539994
0.909677;-0.000386856;-0.00826302;0.539994
0.910176;-0.000796409;-0.00825474;0.539994
0.910675;-0.00136979;-0.008292;0.539994
0.911174;-0.00180401;-0.00842034;0.539994
0.911673;-0.00220173;-0.00914064;0.539994
0.912172;-0.00279091;-0.00926485;0.539994
0.912671;-0.00328829;-0.00981958;0.539994
0.91317;-0.00378467;-0.00983204;0.539994
0.913669;-0.00422283;-0.0101011;0.539994
0.914168;-0.00479031;-0.0101839;0.539994
0.914667;-0.00523442;-0.0102542;0.539994
0.915166;-0.00569333;-0.0103784;0.539994
0.915665;-0.00614726;-0.0105523;0.539994
0.916164;-0.00670093;-0.0113306;0.539994
0.916663;-0.00714111;-0.0111319;0.539994
0.917162;-0.00763448;-0.0112105;0.539994
0.917661;-0.00829278;-0.011877;0.539994
0.91816;-0.00872892;-0.0123366;0.539994
0.918659;-0.00920364;-0.01244;0.539994
0.919158;-0.00976222;-0.0124814;0.539994
0.919657;-0.0101974;-0.0123986;0.539994
0.920156;-0.0106928;-0.0134378;0.539994
0.920655;-0.0111952;-0.0139014;0.539994
0.921154;-0.0117252;-0.0137731;0.539899
0.921653;-0.0122057;-0.0139925;0.539994
0.922152;-0.0126478;-0.0140049;0.539994
0.922651;-0.0131501;-0.0143941;0.539994
0.92315;-0.0136032;-0.0144562;0.539994
0.923649;-0.0141124;-0.0145183;0.539994
0.924148;-0.0146296;-0.0146631;0.539994
0.924647;-0.0151663;-0.0157353;0.539994
0.925146;-0.0155177;-0.0151889;0.539994
0.925645;-0.0160871;-0.0159258;0.539994
0.926144;-0.0165411;-0.0154166;0.539994
0.926643;-0.0170149;-0.0164805;0.539994
0.927142;-0.017521;-0.0165012;0.539994
0.927641;-0.0180164;-0.016526;0.539994
0.92814;-0.0183698;-0.0166585;0.539994
0.928639;-0.0187991;-0.0170146;0.539994
0.929138;-0.0192768;-0.017354;0.539994
0.929637;-0.0197219;-0.0170725;0.539994
0.930136;-0.0202498;-0.0180454;0.539994
0.930635;-0.0208341;-0.0181613;0.539994
0.931134;-0.0213422;-0.0183931;0.539994
0.931633;-0.0217794;-0.018716;0.539994
0.932132;-0.0222206;-0.0187243;0.539994
0.932631;-0.0228008;-0.019515;0.539994
0.93313;-0.0231768;-0.0194819;0.539994
0.933629;-0.023695;-0.0204919;0.539994
0.934128;-0.0241804;-0.0204878;0.539994
0.934627;-0.0246265;-0.020641;0.539994
0.935126;-0.0250204;-0.020583;0.539994
0.935625;-0.0255019;-0.0207569;0.539994
0.936124;-0.0260448;-0.0210302;0.539994
0.936623;-0.0264533;-0.0223715;0.539772
0.937122;-0.0269854;-0.0218789;0.539994
0.937621;-0.0275794;-0.022123;0.539994
0.93812;-0.027978;-0.0219244;0.539994
0.938619;-0.0284676;-0.022446;0.539994
0.939118;-0.0291041;-0.0227234;0.539994
0.939617;-0.0295641;-0.0227234;0.539994
0.940116;-0.0299913;-0.0227483;0.539994
0.940615;-0.0304461;-0.0229345;0.539994
0.941114;-0.0309289;-0.0229511;0.539994
0.941613;-0.0313659;-0.0240149;0.539994
0.942112;-0.0318981;-0.0243833;0.539994
0.942611;-0.0323756;-0.0246814;0.539994
0.94311;-0.0328689;-0.0245613;0.539994
0.943609;-0.0333517;-0.0245903;0.539994
0.944108;-0.033918;-0.0247435;0.539994
0.944607;-0.034458;-0.0251534;0.539994
0.945106;-0.0349118;-0.0252031;0.539994
0.945605;-0.0353242;-0.0254267;0.539994
0.946104;-0.0359086;-0.0263913;0.539994
0.946603;-0.0363418;-0.0265735;0.539994
0.947102;-0.0368107;-0.0264575;0.539994
0.947601;-0.0373318;-0.0267266;0.539994
0.9481;-0.0377848;-0.026855;0.539994
0.948599;-0.0382308;-0.0268674;0.539994
0.949098;-0.0387232;-0.0271033;0.539994
0.949597;-0.0392857;-0.0274925;0.539994
0.950096;-0.0396834;-0.0280347;0.539994
0.950595;-0.0402728;-0.0283659;0.539994
0.951094;-0.0407826;-0.0284528;0.539994
0.951593;-0.0412396;-0.0286349;0.539994
0.952092;-0.0416702;-0.0288005;0.539867
0.952591;-0.0422208;-0.0288751;0.539994
0.95309;-0.0427387;-0.0290158;0.539867
0.953589;-0.0431948;-0.0291649;0.539994
0.954088;-0.0437207;-0.0296659;0.539994
0.954587;-0.0442387;-0.0306759;0.539994
0.955086;-0.044673;-0.0309078;0.539994
0.955585;-0.0451006;-0.0308871;0.539994
0.956084;-0.0456188;-0.0308458;0.539772
0.956583;-0.0460398;-0.0309865;0.539994
0.957082;-0.0464869;-0.0310941;0.539994
0.957581;-0.0471829;-0.031326;0.539994
0.95808;-0.0476257;-0.0311604;0.539994
0.958579;-0.048061;-0.0312804;0.539994
0.959078;-0.0485942;-0.0315577;0.539994
0.959577;-0.048901;-0.0321579;0.539994
0.960076;-0.0484924;-0.0319799;0.539994
0.960575;-0.0479878;-0.0315495;0.539994
0.961074;-0.0475431;-0.031388;0.539994
0.961573;-0.046941;-0.031032;0.539994
0.962072;-0.0465184;-0.0310072;0.539994
0.962571;-0.0461239;-0.0309285;0.539994
0.96307;-0.045665;-0.030854;0.539963
0.963569;-0.0451992;-0.0308292;0.539867
0.964068;-0.0447489;-0.0304069;0.539994
0.964567;-0.0442163;-0.0304524;0.539994
0.965066;-0.0436654;-0.0295829;0.539994
0.965565;-0.043173;-0.0291938;0.539994
0.966064;-0.0426787;-0.0289206;0.53974
0.966563;-0.0421053;-0.0289082;0.539963
0.967062;-0.0415831;-0.0289206;0.539994
0.967561;-0.0411625;-0.028784;0.539994
0.96806;-0.0406498;-0.0282251;0.539994
0.968559;-0.0400623;-0.0273765;0.539994
0.969058;-0.0396409;-0.0270578;0.539994
0.969557;-0.0391852;-0.0271861;0.539994
0.970056;-0.0386887;-0.026797;0.539994
0.970555;-0.0381874;-0.0269667;0.539994
0.971054;-0.0377424;-0.026855;0.539994
0.971553;-0.0372321;-0.0268757;0.539708
0.972052;-0.0367079;-0.0268095;0.539994
0.972551;-0.0362934;-0.0266148;0.539994
0.97305;-0.035811;-0.0256295;0.539994
0.973549;-0.0352128;-0.0250333;0.539835
0.974048;-0.0347836;-0.0252071;0.539994
0.974547;-0.0343415;-0.0248139;0.539994
0.975046;-0.0338341;-0.024789;0.539994
0.975545;-0.0333101;-0.0244786;0.539994
0.976044;-0.0329479;-0.0241722;0.539994
0.976543;-0.0324546;-0.0236134;0.539994
0.977042;-0.0318743;-0.0232036;0.539994
0.977541;-0.0314419;-0.0228683;0.539994
0.97804;-0.0309377;-0.0229925;0.539994
0.978539;-0.0303633;-0.0228725;0.539994
0.979038;-0.0299884;-0.0229842;0.539994
0.979537;-0.0294792;-0.0227234;0.539994
0.980036;-0.0289077;-0.0227069;0.539994
0.980535;-0.0283816;-0.0227193;0.539994
0.981034;-0.0279977;-0.0227234;0.539994
0.981533;-0.0274808;-0.0225205;0.539994
0.982032;-0.0269735;-0.0220237;0.539994
0.982531;-0.0265244;-0.0216179;0.539994
0.98303;-0.0260714;-0.0210881;0.539994
0.983529;-0.0255424;-0.0207817;0.539994
0.984028;-0.0251142;-0.0206244;0.539994
0.984527;-0.0246354;-0.0204423;0.539994
0.985026;-0.0240365;-0.020583;0.539994
0.985525;-0.0236131;-0.0202932;0.539994
0.986024;-0.023161;-0.0197427;0.539994
0.986523;-0.0226904;-0.0196351;0.539994
0.987022;-0.0221663;-0.018981;0.539994
0.987521;-0.0216946;-0.0187202;0.539994
0.98802;-0.0212535;-0.0187657;0.539994
0.988519;-0.0207214;-0.0185587;0.539994
0.989018;-0.0203032;-0.0177597;0.539994
0.989517;-0.0198096;-0.0176149;0.539994
0.990016;-0.0193794;-0.0170394;0.539994
0.990515;-0.0188879;-0.0170477;0.539994
0.991014;-0.018419;-0.0166006;0.539994
0.991513;-0.0179029;-0.0165674;0.539994
0.992012;-0.0174037;-0.0163522;0.539994
0.992511;-0.016925;-0.0162363;0.539994
0.99301;-0.0165283;-0.0163439;0.539994
0.993509;-0.0159854;-0.0155822;0.539994
0.994008;-0.0155186;-0.0155904;0.539994
0.994507;-0.0150954;-0.0154787;0.539994
0.995006;-0.0146118;-0.0153338;0.539994
0.995505;-0.0141084;-0.0146838;0.539994
0.996004;-0.0137463;-0.0146466;0.539994
0.996503;-0.0132745;-0.0147087;0.539994
0.997002;-0.0126893;-0.0144768;0.539994
0.997501;-0.0121466;-0.014423;0.539994
0.998;-0.0117024;-0.0143071;0.539994
