t,vds,corrente
0,0.00099504,-0.00049332
0.02,-0.0149256,0.00147996
0.04,-0.0139306,-0.00197328
0.06,0.0159206,0.00443988
0.08,-0.00796032,-0.00197328
0.1,0.0417917,0.0177595
0.12,0.023881,0.0152929
0.14,0.0527371,0.023186
0.16,0.0328363,0.0212128
0.18,0.0666677,0.0291059
0.2,0.0477619,0.0276259
0.22,0.0796032,0.0345324
0.24,0.0606974,0.0330524
0.26,0.0885586,0.0409456
0.28,0.0686578,0.0389723
0.3,0.103484,0.0463721
0.32,0.0845784,0.0498253
0.34,0.108459,0.0443988
0.36,0.099504,0.0463721
0.38,0.0666677,0.038479
0.4,0.0865685,0.0399589
0.42,0.0587074,0.0325591
0.44,0.0786082,0.0345324
0.46,0.0447768,0.0266393
0.48,0.0636826,0.0281192
0.5,0.0368165,0.0207194
0.52,0.0537322,0.0226927
0.54,0.0228859,0.0152929
0.56,0.0427867,0.0167729
0.58,0.0109454,0.00887976
0.6,0.0318413,0.010853
0.62,0,0.00345324
0.64,0.0169157,0.0049332
0.66,-0.0119405,-0.0024666
0.68,0.00597024,-0.00147996
0.7,-0.024876,-0.00838644
0.72,-0.00597024,-0.0073998
0.74,-0.0328363,-0.0147996
0.76,-0.0179107,-0.0128263
0.78,-0.0477619,-0.0202261
0.8,-0.0278611,-0.0182528
0.82,-0.0597024,-0.0256526
0.84,-0.0567173,-0.0256526
0.86,-0.024876,-0.0182528
0.88,-0.0437818,-0.0202261
0.9,-0.0169157,-0.012333
0.92,-0.0358214,-0.013813
0.94,0,-0.00641316
0.96,-0.024876,-0.00887976
0.98,0.0099504,-0.00049332
1,-0.0129355,-0.0024666
1.02,0.0179107,0.00542652
1.04,0,0.00345324
1.06,0.0338314,0.0118397
1.08,0.0129355,0.00937308
1.1,0.0417917,0.0172662
1.12,0.0208958,0.0152929
1.14,0.0557222,0.023186
1.16,0.0338314,0.0212128
1.18,0.0676627,0.0286126
1.2,0.0467669,0.0271326
1.22,0.0805982,0.035519
1.24,0.0597024,0.0335458
1.26,0.0895536,0.0404522
1.28,0.0686578,0.0389723
1.3,0.104479,0.0468654
1.32,0.109454,0.0443988
1.34,0.0815933,0.049332
1.36,0.098509,0.0458788
1.38,0.0706478,0.038479
1.4,0.0915437,0.0404522
1.42,0.0597024,0.0320658
1.44,0.0796032,0.0340391
1.46,0.0447768,0.0271326
1.48,0.0646776,0.0295992
1.5,0.0348264,0.0207194
1.52,0.0318413,0.0221994
1.54,0.0517421,0.0152929
1.56,0.0348264,0.0167729
1.58,0.0199008,0.00937308
1.6,0.023881,0.0103597
1.62,0,0.00295992
1.64,0.0199008,0.00443988
1.66,-0.0129355,-0.00345324
1.68,0.00597024,-0.00098664
1.7,-0.0268661,-0.00887976
1.72,-0.0049752,-0.00641316
1.74,-0.0378115,-0.0143063
1.76,-0.0179107,-0.0133196
1.78,-0.049752,-0.0207194
1.8,-0.0278611,-0.0182528
1.82,-0.0587074,-0.0266393
1.84,-0.0597024,-0.0256526
1.86,-0.0288562,-0.0182528
1.88,-0.0457718,-0.0202261
1.9,-0.0129355,-0.012333
1.92,-0.0318413,-0.013813
1.94,-0.00398016,-0.00641316
1.96,-0.0228859,-0.0073998
1.98,0,-0.00098664
2,-0.00298512,-0.00197328
2.02,0.0119405,0.0049332
2.04,0.00895536,0.00394656
2.06,0.023881,0.010853
2.08,0.0199008,0.0098664
2.1,0.0348264,0.0167729
2.12,0.0328363,0.0152929
2.14,0.0467669,0.023186
2.16,0.0447768,0.0217061
2.18,0.0666677,0.0295992
2.2,0.0477619,0.0276259
2.22,0.0796032,0.0350257
2.24,0.0567173,0.0330524
2.26,0.0885586,0.0404522
2.28,0.073633,0.0389723
2.3,0.103484,0.0468654
2.32,0.0796032,0.049332
2.34,0.107464,0.0443988
2.36,0.103484,0.0468654
2.38,0.0696528,0.0379856
2.4,0.0875635,0.0404522
2.42,0.0567173,0.0325591
2.44,0.0776131,0.0340391
2.46,0.0437818,0.0266393
2.48,0.0656726,0.0291059
2.5,0.0378115,0.0212128
2.52,0.0457718,0.0221994
2.54,0.0318413,0.0152929
2.56,0.0348264,0.0167729
2.58,0.0199008,0.00937308
2.6,0.0228859,0.0103597
2.62,0.00796032,0.00345324
2.64,0.0109454,0.00443988
2.66,-0.00398016,-0.0024666
2.68,-0.00099504,-0.00147996
2.7,-0.0159206,-0.00838644
2.72,-0.0119405,-0.0073998
2.74,-0.0298512,-0.0147996
2.76,-0.0149256,-0.0128263
2.78,-0.0477619,-0.0202261
2.8,-0.0278611,-0.0187462
2.82,-0.0567173,-0.026146
2.84,-0.0567173,-0.026146
2.86,-0.0288562,-0.0182528
2.88,-0.0457718,-0.0207194
2.9,-0.0139306,-0.012333
2.92,-0.0328363,-0.013813
2.94,-0.00597024,-0.00641316
2.96,-0.0218909,-0.00838644
2.98,0.00796032,-0.00049332
3,-0.0099504,-0.0024666
3.02,0.023881,0.00542652
3.04,-0.00099504,0.00345324
3.06,0.024876,0.0113464
3.08,0.0208958,0.0098664
3.1,0.0348264,0.0167729
3.12,0.0318413,0.0157862
3.14,0.0467669,0.0226927
3.16,0.0447768,0.0217061
3.18,0.0587074,0.0286126
3.2,0.0557222,0.0276259
3.22,0.0706478,0.0350257
3.24,0.0676627,0.0335458
3.26,0.0815933,0.0404522
3.28,0.0786082,0.0389723
3.3,0.0935338,0.0463721
3.32,0.110449,0.049332
3.34,0.0805982,0.0443988
3.36,0.101494,0.0458788
3.38,0.0666677,0.038479
3.4,0.0885586,0.0399589
3.42,0.0547272,0.0325591
3.44,0.075623,0.0345324
3.46,0.0477619,0.0271326
3.48,0.0676627,0.0281192
3.5,0.0338314,0.0207194
3.52,0.0547272,0.0226927
3.54,0.023881,0.0147996
3.56,0.0427867,0.0172662
3.58,0.0109454,0.00838644
3.6,0.0328363,0.0103597
3.62,-0.00099504,0.00295992
3.64,0.0169157,0.00443988
3.66,-0.00895536,-0.00295992
3.68,0.00597024,-0.00098664
3.7,-0.023881,-0.00838644
3.72,-0.00099504,-0.00641316
3.74,-0.0338314,-0.0147996
3.76,-0.0149256,-0.0128263
3.78,-0.0477619,-0.0202261
3.8,-0.0288562,-0.0182528
3.82,-0.0577123,-0.0256526
3.84,-0.0557222,-0.026146
3.86,-0.023881,-0.0182528
3.88,-0.0467669,-0.0202261
3.9,-0.0159206,-0.012333
3.92,-0.0378115,-0.0143063
3.94,-0.00099504,-0.00542652
3.96,-0.0228859,-0.00838644
3.98,0.00895536,-0.00049332
4,-0.0099504,-0.00197328
4.02,0.0208958,0.00542652
4.04,0.00099504,0.00345324
4.06,0.0288562,0.0113464
4.08,0.0139306,0.00937308
4.1,0.0457718,0.0167729
4.12,0.024876,0.0157862
4.14,0.0547272,0.023186
4.16,0.0348264,0.0212128
4.18,0.0646776,0.0291059
4.2,0.0467669,0.0271326
4.22,0.0786082,0.0350257
4.24,0.0577123,0.0335458
4.26,0.0915437,0.0404522
4.28,0.0716429,0.0389723
4.3,0.102489,0.0463721
4.32,0.107464,0.0443988
4.34,0.0805982,0.049332
4.36,0.100499,0.0468654
4.38,0.0716429,0.038479
4.4,0.0905486,0.0399589
4.42,0.0616925,0.0320658
4.44,0.0766181,0.0340391
4.46,0.0467669,0.0271326
4.48,0.0686578,0.0286126
4.5,0.0338314,0.0207194
4.52,0.0527371,0.0226927
4.54,0.024876,0.0147996
4.56,0.0407966,0.0172662
4.58,0.0139306,0.00838644
4.6,0.0298512,0.0103597
4.62,-0.00099504,0.00295992
4.64,0.0208958,0.0049332
4.66,-0.0119405,-0.0024666
4.68,0.00895536,-0.00049332
4.7,-0.025871,-0.00887976
4.72,-0.00398016,-0.00690648
4.74,-0.0368165,-0.0147996
4.76,-0.0169157,-0.0128263
4.78,-0.0447768,-0.0207194
4.8,-0.0268661,-0.0182528
4.82,-0.0547272,-0.0256526
4.84,-0.0577123,-0.0251593
4.86,-0.0298512,-0.0182528
4.88,-0.0437818,-0.0202261
4.9,-0.0149256,-0.0118397
4.92,-0.0358214,-0.013813
4.94,-0.00099504,-0.00641316
4.96,-0.024876,-0.00789312
4.98,0.00796032,-0.00049332
5,-0.0119405,-0.0024666
5.02,0.0199008,0.00542652
5.04,0.00099504,0.00394656
5.06,0.0338314,0.0113464
5.08,0.0119405,0.0098664
5.1,0.0447768,0.0172662
5.12,0.024876,0.0157862
5.14,0.0547272,0.0236794
5.16,0.0368165,0.0217061
5.18,0.0656726,0.0300925
5.2,0.049752,0.0276259
5.22,0.0796032,0.0345324
5.24,0.0597024,0.0330524
5.26,0.0885586,0.0409456
5.28,0.0716429,0.038479
5.3,0.100499,0.0468654
5.32,0.111444,0.0503186
5.34,0.0786082,0.0443988
5.36,0.100499,0.0463721
5.38,0.0676627,0.038479
5.4,0.0875635,0.0404522
5.42,0.0567173,0.0325591
5.44,0.0776131,0.0345324
5.46,0.0477619,0.0266393
5.48,0.0686578,0.0286126
5.5,0.0328363,0.0207194
5.52,0.0517421,0.0226927
5.54,0.0208958,0.0147996
5.56,0.0427867,0.0172662
5.58,0.0119405,0.00887976
5.6,0.0308462,0.010853
5.62,0,0.00295992
5.64,0.0199008,0.00542652
5.66,-0.0119405,-0.00295992
5.68,0.00597024,-0.00147996
5.7,-0.0218909,-0.00838644
5.72,-0.00597024,-0.0073998
5.74,-0.0388066,-0.0147996
5.76,-0.0159206,-0.0128263
5.78,-0.048757,-0.0202261
5.8,-0.025871,-0.0187462
5.82,-0.0597024,-0.026146
5.84,-0.0597024,-0.0256526
5.86,-0.0268661,-0.0182528
5.88,-0.0457718,-0.0202261
5.9,-0.0149256,-0.012333
5.92,-0.0348264,-0.013813
5.94,-0.00099504,-0.00641316
5.96,-0.0228859,-0.00789312
5.98,0.0119405,-0.00049332
6,-0.0099504,-0.0024666
6.02,0.0169157,0.00542652
6.04,0,0.00394656
6.06,0.0308462,0.010853
6.08,0.0129355,0.00937308
6.1,0.0457718,0.0172662
6.12,0.024876,0.0157862
6.14,0.0567173,0.023186
6.16,0.0348264,0.0217061
6.18,0.0686578,0.0286126
6.2,0.0477619,0.0276259
6.22,0.074628,0.0360124
6.24,0.0567173,0.0330524
6.26,0.0945288,0.0404522
6.28,0.0686578,0.0389723
6.3,0.104479,0.0463721
6.32,0.0815933,0.049332
6.34,0.109454,0.0443988
6.36,0.100499,0.0458788
6.38,0.0686578,0.0389723
6.4,0.0915437,0.0399589
6.42,0.0557222,0.0325591
6.44,0.0776131,0.0350257
6.46,0.0447768,0.0266393
6.48,0.0686578,0.0281192
6.5,0.0378115,0.0207194
6.52,0.0537322,0.0221994
6.54,0.023881,0.0147996
6.56,0.0437818,0.0167729
6.58,0.0109454,0.00887976
6.6,0.0298512,0.0103597
6.62,-0.00199008,0.00345324
6.64,0.0218909,0.0049332
6.66,-0.0129355,-0.0024666
6.68,0.00696528,0
6.7,-0.024876,-0.00838644
6.72,-0.00298512,-0.00690648
6.74,-0.0378115,-0.0147996
6.76,-0.0139306,-0.012333
6.78,-0.048757,-0.0202261
6.8,-0.0298512,-0.0187462
6.82,-0.0606974,-0.026146
6.84,-0.0567173,-0.0256526
6.86,-0.024876,-0.0182528
6.88,-0.0427867,-0.0197328
6.9,-0.0129355,-0.0118397
6.92,-0.0368165,-0.013813
6.94,-0.00298512,-0.00641316
6.96,-0.0218909,-0.00838644
6.98,0.00696528,0
7,-0.0119405,-0.0024666
7.02,0.0208958,0.0049332
7.04,0,0.00345324
7.06,0.0318413,0.0113464
7.08,0.00895536,0.0098664
7.1,0.0457718,0.0172662
7.12,0.023881,0.0152929
7.14,0.0537322,0.023186
7.16,0.0338314,0.0212128
7.18,0.0676627,0.0295992
7.2,0.0477619,0.0266393
7.22,0.0786082,0.0345324
7.24,0.0616925,0.0335458
7.26,0.0895536,0.0404522
7.28,0.0686578,0.0389723
7.3,0.102489,0.0463721
7.32,0.110449,0.0498253
7.34,0.0805982,0.0443988
7.36,0.103484,0.0458788
7.38,0.0686578,0.038479
7.4,0.0885586,0.0409456
7.42,0.0577123,0.0325591
7.44,0.0805982,0.0345324
7.46,0.0437818,0.0266393
7.48,0.0646776,0.0286126
7.5,0.0328363,0.0207194
7.52,0.0587074,0.0221994
7.54,0.0218909,0.0147996
7.56,0.0447768,0.0167729
7.58,0.0119405,0.00887976
7.6,0.0288562,0.010853
7.62,-0.00298512,0.00295992
7.64,0.0199008,0.0049332
7.66,-0.0109454,-0.00295992
7.68,0.00696528,-0.00049332
7.7,-0.0228859,-0.00887976
7.72,-0.00597024,-0.00690648
7.74,-0.0328363,-0.0152929
7.76,-0.0189058,-0.0128263
7.78,-0.0447768,-0.0207194
7.8,-0.0298512,-0.0187462
7.82,-0.0577123,-0.026146
7.84,-0.0616925,-0.026146
7.86,-0.025871,-0.0177595
7.88,-0.0447768,-0.0202261
7.9,-0.0149256,-0.0128263
7.92,-0.0348264,-0.013813
7.94,-0.00398016,-0.00641316
7.96,-0.023881,-0.00789312
7.98,0.00696528,-0.00049332
8,-0.0129355,-0.0024666
8.02,0.0228859,0.0049332
8.04,0.00099504,0.00394656
8.06,0.0348264,0.0113464
8.08,0.0119405,0.0098664
8.1,0.0447768,0.0177595
8.12,0.024876,0.0147996
8.14,0.0567173,0.023186
8.16,0.0368165,0.0212128
8.18,0.0676627,0.0291059
8.2,0.0447768,0.0271326
8.22,0.0815933,0.0345324
8.24,0.0616925,0.0325591
8.26,0.0905486,0.0409456
8.28,0.0726379,0.0394656
8.3,0.100499,0.0468654
8.32,0.107464,0.049332
8.34,0.0835834,0.0443988
8.36,0.0935338,0.0458788
8.38,0.0686578,0.038479
8.4,0.0925387,0.0404522
8.42,0.0567173,0.0325591
8.44,0.0776131,0.0345324
8.46,0.0467669,0.0271326
8.48,0.0636826,0.0286126
8.5,0.0348264,0.0207194
8.52,0.0527371,0.023186
8.54,0.025871,0.0147996
8.56,0.0398016,0.0172662
8.58,0.0109454,0.00838644
8.6,0.0338314,0.0103597
8.62,-0.00099504,0.00345324
8.64,0.0159206,0.00542652
8.66,-0.0129355,-0.00295992
8.68,0.0099504,-0.00147996
8.7,-0.0169157,-0.00838644
8.72,-0.0119405,-0.0073998
8.74,-0.0278611,-0.0143063
8.76,-0.024876,-0.0133196
8.78,-0.0398016,-0.0202261
8.8,-0.0368165,-0.0187462
8.82,-0.049752,-0.0256526
8.84,-0.049752,-0.0256526
8.86,-0.0348264,-0.0182528
8.88,-0.0378115,-0.0197328
8.9,-0.0228859,-0.0128263
8.92,-0.0268661,-0.013813
8.94,-0.00696528,-0.00591984
8.96,-0.0208958,-0.00789312
8.98,0.00696528,-0.00098664
9,-0.0129355,-0.00197328
9.02,0.0189058,0.00591984
9.04,0.00099504,0.00345324
9.06,0.0318413,0.0113464
9.08,0.0119405,0.0098664
9.1,0.0467669,0.0172662
9.12,0.0268661,0.0152929
9.14,0.0557222,0.023186
9.16,0.0368165,0.0212128
9.18,0.0696528,0.0291059
9.2,0.0447768,0.0271326
9.22,0.0776131,0.0350257
9.24,0.0587074,0.0325591
9.26,0.0875635,0.0404522
9.28,0.0796032,0.0394656
9.3,0.0935338,0.0463721
9.32,0.099504,0.049332
9.34,0.0895536,0.0448921
9.36,0.0925387,0.0458788
9.38,0.0786082,0.038479
9.4,0.0805982,0.0399589
9.42,0.0666677,0.0330524
9.44,0.0696528,0.0340391
9.46,0.0547272,0.0271326
9.48,0.0587074,0.0281192
9.5,0.0368165,0.0207194
9.52,0.0527371,0.0226927
9.54,0.0218909,0.0152929
9.56,0.0417917,0.0162796
9.58,0.0119405,0.00887976
9.6,0.0308462,0.0103597
9.62,-0.00199008,0.0024666
9.64,0.0179107,0.00542652
9.66,-0.0139306,-0.00345324
9.68,0.0099504,-0.00098664
9.7,-0.0208958,-0.00838644
9.72,-0.00398016,-0.00690648
9.74,-0.0348264,-0.0152929
9.76,-0.0189058,-0.0128263
9.78,-0.048757,-0.0202261
9.8,-0.0298512,-0.0187462
9.82,-0.0577123,-0.026146
9.84,-0.049752,-0.0256526
9.86,-0.0358214,-0.0182528
9.88,-0.0378115,-0.0197328
9.9,-0.0189058,-0.0128263
9.92,-0.0268661,-0.013813
9.94,-0.0109454,-0.00690648
9.96,-0.0139306,-0.00789312
9.98,0,-0.00098664
10,-0.00298512,-0.00197328
10.02,0.0119405,0.0049332
10.04,0.00895536,0.00394656
10.06,0.0328363,0.0113464
10.08,0.0119405,0.00937308
10.1,0.0437818,0.0172662
10.12,0.0208958,0.0147996
10.14,0.0557222,0.023186
10.16,0.0368165,0.0212128
10.18,0.0696528,0.0291059
10.2,0.048757,0.0266393
10.22,0.0766181,0.0345324
10.24,0.0606974,0.0330524
10.26,0.0905486,0.0419322
10.28,0.0676627,0.0389723
10.3,0.100499,0.0468654
10.32,0.107464,0.049332
10.34,0.0815933,0.0443988
10.36,0.102489,0.0458788
10.38,0.0686578,0.038479
10.4,0.0885586,0.0399589
10.42,0.0567173,0.0325591
10.44,0.0776131,0.0340391
10.46,0.0457718,0.026146
10.48,0.0686578,0.0286126
10.5,0.0368165,0.0207194
10.52,0.0547272,0.0236794
10.54,0.023881,0.0143063
10.56,0.0437818,0.0167729
10.58,0.0119405,0.00838644
10.6,0.0328363,0.010853
10.62,0.00199008,0.00295992
10.64,0.0179107,0.00443988
10.66,-0.0139306,-0.0024666
10.68,0.00895536,-0.00098664
10.7,-0.0218909,-0.00838644
10.72,-0.00597024,-0.00641316
10.74,-0.0358214,-0.0152929
10.76,-0.0159206,-0.0128263
10.78,-0.0467669,-0.0207194
10.8,-0.025871,-0.0182528
10.82,-0.0606974,-0.026146
10.84,-0.0567173,-0.0256526
10.86,-0.0298512,-0.0172662
10.88,-0.0467669,-0.0202261
10.9,-0.0139306,-0.0118397
10.92,-0.0338314,-0.0143063
10.94,-0.0049752,-0.00641316
10.96,-0.0228859,-0.00789312
10.98,0.00597024,0
11,-0.0109454,-0.0024666
11.02,0.0208958,0.00591984
11.04,0.00298512,0.00394656
11.06,0.0308462,0.0118397
11.08,0.0149256,0.0098664
11.1,0.0477619,0.0167729
11.12,0.024876,0.0152929
11.14,0.0547272,0.0236794
11.16,0.0348264,0.0217061
11.18,0.0676627,0.0291059
11.2,0.0457718,0.0276259
11.22,0.0786082,0.0350257
11.24,0.0616925,0.0330524
11.26,0.0925387,0.0409456
11.28,0.0696528,0.0389723
11.3,0.104479,0.0463721
11.32,0.106469,0.049332
11.34,0.0805982,0.0443988
11.36,0.0975139,0.0463721
11.38,0.0676627,0.038479
11.4,0.0895536,0.0399589
11.42,0.0557222,0.0320658
11.44,0.0786082,0.0340391
11.46,0.0447768,0.0266393
11.48,0.0646776,0.0281192
11.5,0.0368165,0.0207194
11.52,0.0537322,0.0221994
11.54,0.023881,0.0147996
11.56,0.0417917,0.0162796
11.58,0.00895536,0.00887976
11.6,0.0298512,0.0103597
11.62,-0.00099504,0.00295992
11.64,0.0208958,0.0049332
11.66,-0.0119405,-0.0024666
11.68,0.00796032,-0.00049332
11.7,-0.024876,-0.00838644
11.72,-0.00398016,-0.00690648
11.74,-0.0368165,-0.0147996
11.76,-0.0208958,-0.0128263
11.78,-0.0457718,-0.0207194
11.8,-0.0278611,-0.0182528
11.82,-0.0606974,-0.026146
11.84,-0.0597024,-0.0256526
11.86,-0.025871,-0.0177595
11.88,-0.049752,-0.0202261
11.9,-0.0179107,-0.0128263
11.92,-0.0348264,-0.0143063
11.94,-0.00398016,-0.00641316
11.96,-0.023881,-0.00789312
11.98,0.0099504,-0.00049332
12,-0.00895536,-0.0024666
12.02,0.0228859,0.00641316
12.04,0.00099504,0.00345324
12.06,0.0328363,0.0113464
12.08,0.0149256,0.00937308
12.1,0.0417917,0.0172662
12.12,0.023881,0.0147996
12.14,0.0557222,0.023186
12.16,0.0368165,0.0217061
12.18,0.0676627,0.0291059
12.2,0.048757,0.0276259
12.22,0.0776131,0.035519
12.24,0.0606974,0.0330524
12.26,0.0895536,0.0404522
12.28,0.0706478,0.0379856
12.3,0.104479,0.0468654
12.32,0.0825883,0.049332
12.34,0.108459,0.0443988
12.36,0.100499,0.0463721
12.38,0.0686578,0.038479
12.4,0.0875635,0.0399589
12.42,0.0587074,0.0325591
12.44,0.073633,0.0345324
12.46,0.0457718,0.0271326
12.48,0.0646776,0.0291059
12.5,0.0328363,0.0207194
12.52,0.0527371,0.0226927
12.54,0.0228859,0.0152929
12.56,0.0407966,0.0162796
12.58,0.0129355,0.00937308
12.6,0.0328363,0.0103597
12.62,-0.00199008,0.00295992
12.64,0.0189058,0.0049332
12.66,-0.0139306,-0.00394656
12.68,0.00696528,-0.00049332
12.7,-0.023881,-0.00838644
12.72,-0.00597024,-0.00641316
12.74,-0.0358214,-0.0143063
12.76,-0.0179107,-0.0128263
12.78,-0.0467669,-0.0202261
12.8,-0.0298512,-0.0177595
12.82,-0.0597024,-0.026146
12.84,-0.0577123,-0.026146
12.86,-0.0268661,-0.0182528
12.88,-0.0467669,-0.0197328
12.9,-0.0169157,-0.012333
12.92,-0.0368165,-0.013813
12.94,-0.0049752,-0.00641316
12.96,-0.0228859,-0.00838644
12.98,0.00796032,-0.00049332
13,-0.0109454,-0.00197328
13.02,0.0199008,0.00641316
13.04,0.00199008,0.00197328
13.06,0.0328363,0.0113464
13.08,0.0139306,0.00937308
13.1,0.0447768,0.0172662
13.12,0.025871,0.0157862
13.14,0.0527371,0.023186
13.16,0.0348264,0.0212128
13.18,0.0656726,0.0291059
13.2,0.0457718,0.0276259
13.22,0.0786082,0.0350257
13.24,0.0557222,0.0335458
13.26,0.0915437,0.0404522
13.28,0.0726379,0.0394656
13.3,0.099504,0.0463721
13.32,0.0815933,0.049332
13.34,0.107464,0.0443988
13.36,0.099504,0.0463721
13.38,0.0706478,0.038479
13.4,0.0895536,0.0399589
13.42,0.0587074,0.0330524
13.44,0.0786082,0.0340391
13.46,0.048757,0.0271326
13.48,0.0656726,0.0286126
13.5,0.0358214,0.0212128
13.52,0.0537322,0.023186
13.54,0.023881,0.0152929
13.56,0.0407966,0.0167729
13.58,0.0109454,0.00887976
13.6,0.0338314,0.010853
13.62,-0.00199008,0.00295992
13.64,0.0208958,0.0049332
13.66,-0.0129355,-0.0024666
13.68,0.00895536,-0.00147996
13.7,-0.023881,-0.00887976
13.72,-0.00796032,-0.00641316
13.74,-0.0338314,-0.0152929
13.76,-0.0149256,-0.0133196
13.78,-0.0477619,-0.0202261
13.8,-0.0278611,-0.0187462
13.82,-0.0597024,-0.0266393
13.84,-0.0587074,-0.0256526
13.86,-0.025871,-0.0177595
13.88,-0.0457718,-0.0197328
13.9,-0.0129355,-0.012333
13.92,-0.0358214,-0.0143063
13.94,0,-0.00641316
13.96,-0.0228859,-0.00887976
13.98,0.00597024,-0.00098664
14,-0.0129355,-0.0024666
14.02,0.0218909,0.00591984
14.04,-0.00099504,0.00345324
14.06,0.0318413,0.0113464
14.08,0.0119405,0.00937308
14.1,0.0427867,0.0177595
14.12,0.024876,0.0157862
14.14,0.0567173,0.0226927
14.16,0.0348264,0.0212128
14.18,0.0646776,0.0300925
14.2,0.0477619,0.0271326
14.22,0.0805982,0.0345324
14.24,0.0616925,0.0325591
14.26,0.0885586,0.0419322
14.28,0.0716429,0.038479
14.3,0.102489,0.0468654
14.32,0.110449,0.049332
14.34,0.0805982,0.0443988
14.36,0.098509,0.0458788
14.38,0.0716429,0.038479
14.4,0.0905486,0.0399589
14.42,0.0587074,0.0325591
14.44,0.0796032,0.0340391
14.46,0.0467669,0.0266393
14.48,0.0656726,0.0286126
14.5,0.0338314,0.0212128
14.52,0.0517421,0.0221994
14.54,0.0228859,0.0152929
14.56,0.0407966,0.0167729
14.58,0.0099504,0.00937308
14.6,0.0318413,0.010853
14.62,0,0.00295992
14.64,0.0208958,0.00542652
14.66,-0.0119405,-0.00295992
14.68,0.00696528,-0.00098664
14.7,-0.025871,-0.00887976
14.72,-0.00597024,-0.00690648
14.74,-0.0348264,-0.0143063
14.76,-0.0159206,-0.0128263
14.78,-0.0447768,-0.0207194
14.8,-0.024876,-0.0187462
14.82,-0.0597024,-0.0256526
14.84,-0.0577123,-0.0256526
14.86,-0.0278611,-0.0182528
14.88,-0.0467669,-0.0197328
14.9,-0.0179107,-0.0118397
14.92,-0.0338314,-0.013813
14.94,-0.0049752,-0.00641316
14.96,-0.0228859,-0.00838644
14.98,0.00796032,-0.00098664
15,-0.0099504,-0.00295992
15.02,0.0189058,0.0049332
15.04,0.00199008,0.00295992
15.06,0.0318413,0.0113464
15.08,0.0129355,0.0098664
15.1,0.0398016,0.0172662
15.12,0.0228859,0.0157862
15.14,0.0537322,0.023186
15.16,0.0358214,0.0207194
15.18,0.0696528,0.0291059
15.2,0.0477619,0.0276259
15.22,0.0805982,0.035519
15.24,0.0577123,0.0335458
15.26,0.0885586,0.0409456
15.28,0.0716429,0.038479
15.3,0.102489,0.0463721
15.32,0.0825883,0.049332
15.34,0.108459,0.0434122
15.36,0.098509,0.0458788
15.38,0.0716429,0.038479
15.4,0.0905486,0.0404522
15.42,0.0606974,0.0330524
15.44,0.0766181,0.0340391
15.46,0.0467669,0.0266393
15.48,0.0666677,0.0291059
15.5,0.0338314,0.0207194
15.52,0.0527371,0.0221994
15.54,0.0228859,0.0147996
15.56,0.0398016,0.0167729
15.58,0.0129355,0.00887976
15.6,0.0318413,0.0113464
15.62,-0.00099504,0.00295992
15.64,0.0189058,0.00542652
15.66,-0.0129355,-0.0024666
15.68,0.00696528,-0.00098664
15.7,-0.024876,-0.00838644
15.72,-0.00796032,-0.00690648
15.74,-0.0368165,-0.0143063
15.76,-0.0159206,-0.012333
15.78,-0.048757,-0.0202261
15.8,-0.0288562,-0.0187462
15.82,-0.0597024,-0.026146
15.84,-0.0537322,-0.0256526
15.86,-0.0298512,-0.0182528
15.88,-0.0467669,-0.0202261
15.9,-0.0169157,-0.0128263
15.92,-0.0358214,-0.013813
15.94,-0.00199008,-0.00641316
15.96,-0.0228859,-0.00838644
15.98,0.0109454,0
16,-0.0119405,-0.00197328
16.02,0.0169157,0.00591984
16.04,0.00199008,0.00345324
16.06,0.0318413,0.0113464
16.08,0.0139306,0.0098664
16.1,0.0447768,0.0177595
16.12,0.0228859,0.0152929
16.14,0.0537322,0.023186
16.16,0.0368165,0.0217061
16.18,0.0666677,0.0291059
16.2,0.048757,0.0271326
16.22,0.0796032,0.035519
16.24,0.0577123,0.0330524
16.26,0.0905486,0.0409456
16.28,0.0676627,0.0389723
16.3,0.101494,0.0463721
16.32,0.108459,0.049332
16.34,0.0815933,0.0443988
16.36,0.099504,0.0458788
16.38,0.0676627,0.038479
16.4,0.0915437,0.0404522
16.42,0.0606974,0.0325591
16.44,0.0786082,0.0345324
16.46,0.0427867,0.0271326
16.48,0.0676627,0.0286126
16.5,0.0348264,0.0207194
16.52,0.0527371,0.0221994
16.54,0.0228859,0.0147996
16.56,0.0427867,0.0167729
16.58,0.0099504,0.00887976
16.6,0.0318413,0.0113464
16.62,0,0.00295992
16.64,0.0189058,0.0049332
16.66,-0.0109454,-0.0024666
16.68,0.00796032,-0.00147996
16.7,-0.0228859,-0.00887976
16.72,-0.00597024,-0.00690648
16.74,-0.0358214,-0.0147996
16.76,-0.0149256,-0.0128263
16.78,-0.0437818,-0.0207194
16.8,-0.0288562,-0.0192395
16.82,-0.0567173,-0.026146
16.84,-0.0557222,-0.0256526
16.86,-0.0298512,-0.0187462
16.88,-0.0437818,-0.0197328
16.9,-0.0159206,-0.0118397
16.92,-0.0328363,-0.013813
16.94,-0.00597024,-0.00641316
16.96,-0.023881,-0.00789312
16.98,0.00895536,-0.00098664
17,-0.0119405,-0.00197328
17.02,0.0189058,0.00542652
17.04,-0.00199008,0.00295992
17.06,0.0338314,0.0113464
17.08,0.0139306,0.0098664
17.1,0.0417917,0.0172662
17.12,0.023881,0.0152929
17.14,0.0517421,0.023186
17.16,0.0338314,0.0212128
17.18,0.0646776,0.0286126
17.2,0.048757,0.0271326
17.22,0.0796032,0.0350257
17.24,0.0616925,0.0335458
17.26,0.0895536,0.0409456
17.28,0.0706478,0.0389723
17.3,0.103484,0.0463721
17.32,0.109454,0.0443988
17.34,0.0805982,0.0503186
17.36,0.101494,0.0463721
17.38,0.0676627,0.0379856
17.4,0.0875635,0.0399589
17.42,0.0606974,0.0325591
17.44,0.0796032,0.0340391
17.46,0.0467669,0.0271326
17.48,0.0646776,0.0286126
17.5,0.0358214,0.0207194
17.52,0.0537322,0.0226927
17.54,0.023881,0.0147996
17.56,0.0427867,0.0172662
17.58,0.0109454,0.00937308
17.6,0.0308462,0.010853
17.62,-0.00298512,0.00295992
17.64,0.0199008,0.00542652
17.66,-0.0099504,-0.00295992
17.68,0.0049752,-0.00098664
17.7,-0.023881,-0.00887976
17.72,-0.00696528,-0.00690648
17.74,-0.0358214,-0.0143063
17.76,-0.0169157,-0.0128263
17.78,-0.049752,-0.0207194
17.8,-0.0288562,-0.0182528
17.82,-0.0597024,-0.0266393
17.84,-0.0587074,-0.026146
17.86,-0.025871,-0.0177595
17.88,-0.0427867,-0.0202261
17.9,-0.0139306,-0.012333
17.92,-0.0358214,-0.0143063
17.94,-0.0049752,-0.00690648
17.96,-0.023881,-0.00789312
17.98,0.00895536,-0.00049332
18,-0.0099504,-0.0024666
18.02,0.0208958,0.00542652
18.04,-0.00099504,0.00345324
18.06,0.0328363,0.010853
18.08,0.0129355,0.00937308
18.1,0.0457718,0.0172662
18.12,0.023881,0.0157862
18.14,0.0537322,0.0226927
18.16,0.0368165,0.0202261
18.18,0.0666677,0.0300925
18.2,0.0477619,0.0276259
18.22,0.0796032,0.0345324
18.24,0.0577123,0.0325591
18.26,0.0915437,0.0409456
18.28,0.0706478,0.0394656
18.3,0.099504,0.0468654
18.32,0.0815933,0.049332
18.34,0.107464,0.0443988
18.36,0.102489,0.0458788
18.38,0.073633,0.0389723
18.4,0.0885586,0.0399589
18.42,0.0547272,0.0325591
18.44,0.0766181,0.0345324
18.46,0.0477619,0.0266393
18.48,0.0656726,0.0291059
18.5,0.0348264,0.0212128
18.52,0.0537322,0.0226927
18.54,0.0228859,0.0147996
18.56,0.0407966,0.0167729
18.58,0.00895536,0.00887976
18.6,0.0318413,0.010853
18.62,0.00199008,0.00345324
18.64,0.0189058,0.0049332
18.66,-0.0149256,-0.0024666
18.68,0.00597024,-0.00147996
18.7,-0.0228859,-0.00838644
18.72,-0.0049752,-0.00690648
18.74,-0.0338314,-0.0147996
18.76,-0.0169157,-0.012333
18.78,-0.0467669,-0.0212128
18.8,-0.0288562,-0.0182528
18.82,-0.0597024,-0.026146
18.84,-0.0606974,-0.0256526
18.86,-0.024876,-0.0177595
18.88,-0.0457718,-0.0197328
18.9,-0.0149256,-0.0113464
18.92,-0.0338314,-0.013813
18.94,-0.00298512,-0.00690648
18.96,-0.0228859,-0.00789312
18.98,0.0099504,-0.00049332
19,-0.0099504,-0.0024666
19.02,0.0208958,0.00591984
19.04,0,0.00345324
19.06,0.0318413,0.010853
19.08,0.0139306,0.0098664
19.1,0.0417917,0.0172662
19.12,0.0228859,0.0152929
19.14,0.0527371,0.0226927
19.16,0.0358214,0.0212128
19.18,0.0686578,0.0291059
19.2,0.0457718,0.0266393
19.22,0.0786082,0.035519
19.24,0.0577123,0.0330524
19.26,0.0895536,0.0409456
19.28,0.0706478,0.0389723
19.3,0.100499,0.0468654
19.32,0.0825883,0.0498253
19.34,0.108459,0.0443988
19.36,0.098509,0.0463721
19.38,0.0706478,0.038479
19.4,0.0895536,0.0404522
19.42,0.0557222,0.0325591
19.44,0.0776131,0.0345324
19.46,0.0447768,0.0271326
19.48,0.0656726,0.0286126
19.5,0.0348264,0.0212128
19.52,0.0477619,0.0226927
19.54,0.0308462,0.0152929
19.56,0.0348264,0.0162796
19.58,0.0169157,0.00887976
19.6,0.025871,0.0103597
19.62,-0.00099504,0.00295992
19.64,0.0189058,0.0049332
19.66,-0.0129355,-0.00345324
19.68,0.0099504,-0.00147996
19.7,-0.023881,-0.00838644
19.72,-0.00398016,-0.0073998
19.74,-0.0338314,-0.0143063
19.76,-0.0159206,-0.012333
19.78,-0.049752,-0.0212128
19.8,-0.025871,-0.0187462
19.82,-0.0597024,-0.026146
19.84,-0.0577123,-0.0256526
19.86,-0.025871,-0.0177595
19.88,-0.0437818,-0.0197328
19.9,-0.0139306,-0.0128263
19.92,-0.0338314,-0.013813
19.94,-0.00199008,-0.00641316
19.96,-0.0208958,-0.00789312
19.98,-0.00099504,-0.00147996
